Case #1: 7
4 3 0
Case #2: 117193
2726 2726 2726 2726 2726 2726 2726 2726 2726 2726 2726 2726 2726 2726 2726 2726 2726 2726 2725 2725 2725 2725 2725 2725 2725 2725 2725 2725 2725 2725 2725 2725 2725 2725 2725 2725 2725 2725 2725 2725 2725 2725 2725
Case #3: 68239
1950 1950 1950 1950 1950 1950 1950 1950 1950 1950 1950 1950 1950 1950 1950 1950 1950 1950 1950 1950 1950 1950 1950 1950 1949 1949 1949 1949 1949 1949 1949 1949 1949 1949 1949
Case #4: 72078
146 146 146 146 146 146 146 146 146 146 146 146 146 146 146 146 146 146 146 146 146 146 146 146 146 146 146 146 146 146 146 146 146 146 146 146 146 146 146 146 146 146 146 146 146 146 146 146 146 146 146 146 146 146 146 146 146 146 146 146 146 146 146 146 146 146 146 146 146 146 146 146 146 146 146 146 146 146 146 146 146 146 146 146 146 146 146 146 146 146 146 146 146 146 146 146 146 146 146 146 146 146 146 146 146 146 146 146 146 146 146 146 146 146 146 146 146 146 146 146 146 146 146 146 146 146 146 146 146 146 146 146 146 146 146 146 146 146 146 146 146 146 146 146 146 146 146 146 146 146 146 146 146 146 146 146 146 146 146 146 146 146 146 146 146 146 146 146 146 146 146 146 146 146 146 146 146 146 146 146 146 146 146 146 146 146 146 146 146 146 146 146 146 146 146 146 146 146 146 146 146 146 146 146 146 146 146 146 146 146 146 146 146 146 146 146 146 146 146 146 146 146 146 146 146 146 146 146 146 146 146 146 146 146 146 146 146 146 146 146 146 146 146 146 146 146 146 146 146 146 146 146 146 146 146 146 146 146 146 146 146 146 146 146 146 146 146 146 146 146 146 146 146 146 146 146 146 146 146 146 146 146 146 146 146 146 146 146 146 146 146 146 146 146 146 146 146 146 146 146 146 146 146 146 146 146 145 145 145 145 145 145 145 145 145 145 145 145 145 145 145 145 145 145 145 145 145 145 145 145 145 145 145 145 145 145 145 145 145 145 145 145 145 145 145 145 145 145 145 145 145 145 145 145 145 145 145 145 145 145 145 145 145 145 145 145 145 145 145 145 145 145 145 145 145 145 145 145 145 145 145 145 145 145 145 145 145 145 145 145 145 145 145 145 145 145 145 145 145 145 145 145 145 145 145 145 145 145 145 145 145 145 145 145 145 145 145 145 145 145 145 145 145 145 145 145 145 145 145 145 145 145 145 145 145 145 145 145 145 145 145 145 145 145 145 145 145 145 145 145 145 145 145 145 145 145 145 145 145 145 145 145 145 145 145 145 145 145 145 145 145 145 145 145 145 145 145 145 145 145 145 145 145 145 145 145 145 145 145 145 145 145 144 144 144
Case #5: 13
1 1 1 1 1 1 1 1 1 1 1 1 1 0 0 0 0 0 0 0 0 0 0 0 0 0 0 0 0 0 0 0 0 0 0 0 0 0 0 0 0 0 0 0 0 0 0 0 0 0 0 0 0 0 0 0 0 0 0 0 0 0 0 0 0 0 0 0 0 0 0 0 0 0 0 0 0 0 0 0 0 0 0 0 0 0 0 0 0 0
Case #6: 21
1 1 1 1 1 1 1 1 1 1 1 1 1 1 1 1 1 1 1 1 1 0 0 0 0 0 0 0 0 0 0 0 0 0 0 0 0 0 0 0 0 0 0 0 0 0 0 0 0 0 0 0 0 0 0 0 0 0 0 0 0 0 0 0 0 0 0 0 0 0 0 0 0 0 0 0 0 0 0 0 0 0 0 0 0 0 0 0 0 0 0 0 0 0 0 0 0 0 0 0 0 0 0 0 0 0 0 0 0 0 0 0 0 0 0 0 0 0 0 0 0 0 0 0 0 0 0 0 0 0 0 0 0 0 0 0 0 0 0 0 0 0 0 0
Case #7: 17670856
184072 184072 184072 184072 184072 184072 184072 184072 184072 184072 184072 184072 184072 184072 184072 184072 184072 184072 184072 184072 184072 184072 184072 184072 184072 184072 184072 184072 184072 184072 184072 184072 184072 184072 184072 184072 184072 184072 184072 184072 184071 184071 184071 184071 184071 184071 184071 184071 184071 184071 184071 184071 184071 184071 184071 184071 184071 184071 184071 184071 184071 184071 184071 184071 184071 184071 184071 184071 184071 184071 184071 184071 184071 184071 184071 184071 184071 184071 184071 184071 184071 184071 184071 184071 184071 184071 184071 184071 184071 184071 184071 184071 184071 184071 184071 184071
Case #8: 998800
999 999 999 999 999 999 999 999 999 999 999 999 999 999 999 999 999 999 999 999 999 999 999 999 999 999 999 999 999 999 999 999 999 999 999 999 999 999 999 999 999 999 999 999 999 999 999 999 999 999 999 999 999 999 999 999 999 999 999 999 999 999 999 999 999 999 999 999 999 999 999 999 999 999 999 999 999 999 999 999 999 999 999 999 999 999 999 999 999 999 999 999 999 999 999 999 999 999 999 999 999 999 999 999 999 999 999 999 999 999 999 999 999 999 999 999 999 999 999 999 999 999 999 999 999 999 999 999 999 999 999 999 999 999 999 999 999 999 999 999 999 999 999 999 999 999 999 999 999 999 999 999 999 999 999 999 999 999 999 999 999 999 999 999 999 999 999 999 999 999 999 999 999 999 999 999 999 999 999 999 999 999 999 999 999 999 999 999 999 999 999 999 999 999 999 999 999 999 999 999 999 999 999 999 999 999 999 999 999 999 999 999 999 999 999 999 999 999 999 999 999 999 999 999 999 999 999 999 999 999 999 999 999 999 999 999 999 999 999 999 999 999 999 999 999 999 999 999 999 999 999 999 999 999 999 999 999 999 999 999 999 999 999 999 999 999 999 999 999 999 999 999 999 999 999 999 999 999 999 999 999 999 999 999 999 999 999 999 999 999 999 999 999 999 999 999 999 999 999 999 999 999 999 999 999 999 999 999 999 999 999 999 999 999 999 999 999 999 999 999 999 999 999 999 999 999 999 999 999 999 999 999 999 999 999 999 999 999 999 999 999 999 999 999 999 999 999 999 999 999 999 999 999 999 999 999 999 999 999 999 999 999 999 999 999 999 999 999 999 999 999 999 999 999 999 999 999 999 999 999 999 999 999 999 999 999 999 999 999 999 999 999 999 999 999 999 999 999 999 999 999 999 999 999 999 999 999 999 999 999 999 999 999 999 999 999 999 999 999 999 999 999 999 999 999 999 999 999 999 999 999 999 999 999 999 999 999 999 999 999 999 999 999 999 999 999 999 999 999 999 999 999 999 999 999 999 999 999 999 999 999 999 999 999 999 999 999 999 999 999 999 999 999 999 999 999 999 999 999 999 999 999 999 999 999 999 999 999 999 999 999 999 999 999 999 999 999 999 999 999 999 999 999 999 999 999 999 999 999 999 999 999 999 999 999 999 999 999 999 999 999 999 999 999 999 999 999 999 999 999 999 999 999 999 999 999 999 999 999 999 999 999 999 999 999 999 999 999 999 999 999 999 999 999 999 999 999 999 999 999 999 999 999 999 999 999 999 999 999 999 999 999 999 999 999 999 999 999 999 999 999 999 999 999 999 999 999 999 999 999 999 999 999 999 999 999 999 999 999 999 999 999 999 999 999 999 999 999 999 999 999 999 999 999 999 999 999 999 999 999 999 999 999 999 999 999 999 999 999 999 999 999 999 999 999 999 999 999 999 999 999 999 999 999 999 999 999 999 999 999 999 999 999 999 999 999 999 999 999 999 999 999 999 999 999 999 999 999 999 999 999 999 999 999 999 999 999 999 999 999 999 999 999 999 999 999 999 999 999 999 999 999 999 999 999 999 999 999 999 999 999 999 999 999 999 999 999 999 999 999 999 999 999 999 999 999 999 999 999 999 999 999 999 999 999 999 999 999 999 999 999 999 999 999 999 999 999 999 999 999 999 999 999 999 999 999 999 999 999 999 999 999 999 999 999 999 999 999 999 999 999 999 999 999 999 999 999 999 999 999 999 999 999 999 999 999 999 999 999 999 999 999 999 999 999 999 999 999 999 999 999 999 999 999 999 999 999 999 999 999 999 999 999 999 999 999 999 999 999 999 999 999 999 999 999 999 999 999 999 999 999 999 999 999 999 999 999 999 999 999 999 999 999 999 999 999 999 999 999 999 999 999 999 999 999 999 999 999 999 999 999 999 999 999 999 999 999 999 999 999 999 999 999 999 999 999 999 999 999 999 999 999 999 999 999 999 999 999 999 999 999 999 999 999 999 999 999 999 999 999 999 999 999 999 999 999 999 999 999 999 999 999 999 999 999 999 999 999 999 999 999 999 999 999 999 999 999 999 999 999 999 999 999 999 999 999 999 999 999 999 999 999 999 999 999 999 999 999 999 999 999 999 999 999 999 999 999 999 999 999 999 999 999 999 999 999 999 999 999 999 999 999 999 999 999 999 999 999 999 999 999 999 999 999 999 999 999 999 999 999 999 999 999 999 999 999 999 999 999 999 999 999 999 999 999 999 999 999 999 799
Case #9: 324537
10818 10818 10818 10818 10818 10818 10818 10818 10818 10818 10818 10818 10818 10818 10818 10818 10818 10818 10818 10818 10818 10818 10818 10818 10818 10818 10818 10817 10817 10817 0
Case #10: 3113
8 8 8 8 8 8 8 8 8 8 8 8 8 8 8 8 8 8 8 8 8 8 8 8 8 8 8 8 8 8 8 8 8 8 8 8 8 8 8 8 8 8 8 8 8 8 8 8 8 8 8 8 8 8 8 8 8 8 8 8 8 8 8 8 8 8 8 8 8 8 8 8 8 8 8 8 8 8 8 8 8 8 8 8 8 8 8 8 8 8 8 8 8 8 8 8 8 8 8 8 8 8 8 8 8 8 8 8 8 8 8 8 8 8 8 8 8 8 8 8 8 8 8 8 8 8 8 8 8 8 8 8 8 8 8 8 8 8 8 8 8 8 8 8 8 8 8 8 8 8 8 8 8 8 8 8 8 8 8 8 8 8 8 8 8 8 8 8 8 8 8 8 8 8 8 8 8 8 8 8 8 8 8 8 8 8 8 8 8 8 8 8 8 8 8 8 8 8 8 8 8 8 8 8 8 8 8 8 8 8 8 8 8 8 8 8 8 8 8 8 8 8 8 8 8 8 8 8 8 8 8 8 8 8 8 8 8 8 8 8 8 8 8 8 8 8 8 8 8 8 8 8 8 8 8 8 8 8 8 8 8 8 8 8 8 8 8 8 8 8 8 8 8 8 8 8 8 8 8 8 8 8 8 8 8 8 8 8 8 8 8 8 8 8 8 8 8 8 8 8 8 8 8 8 8 8 8 8 8 8 8 8 8 8 8 8 8 8 8 8 8 8 8 8 8 8 8 8 8 8 8 8 8 8 8 8 8 8 8 8 8 8 8 8 8 8 8 8 8 8 8 8 8 8 8 8 8 8 8 8 8 8 8 8 8 8 8 8 8 8 8 8 8 8 8 8 7 7 7 7 7 7 7 7 7 7 7 7 7 7 7 0
Case #11: 13160865
55532 55532 55532 55532 55532 55532 55532 55532 55532 55532 55532 55532 55532 55532 55532 55532 55532 55532 55532 55532 55532 55532 55532 55532 55532 55532 55532 55532 55532 55532 55532 55532 55532 55532 55532 55532 55532 55532 55532 55532 55532 55532 55532 55532 55532 55532 55532 55532 55532 55532 55532 55532 55532 55532 55532 55532 55532 55532 55532 55532 55532 55532 55532 55532 55532 55532 55532 55532 55532 55532 55532 55532 55532 55532 55532 55532 55532 55532 55532 55532 55532 55532 55532 55532 55532 55532 55532 55532 55532 55532 55532 55532 55532 55532 55532 55532 55532 55532 55532 55532 55532 55532 55532 55532 55532 55532 55532 55532 55532 55532 55532 55532 55532 55532 55532 55532 55532 55532 55532 55532 55532 55532 55532 55532 55532 55532 55532 55532 55532 55532 55532 55532 55532 55532 55532 55532 55532 55532 55532 55532 55532 55532 55532 55532 55532 55532 55532 55532 55532 55532 55532 55532 55532 55532 55532 55532 55532 55532 55532 55532 55532 55532 55532 55532 55532 55532 55532 55532 55532 55532 55532 55532 55532 55532 55532 55532 55532 55532 55532 55532 55532 55532 55532 55532 55532 55532 55532 55532 55532 55532 55532 55532 55532 55532 55532 55532 55532 55532 55532 55532 55532 55532 55532 55532 55532 55532 55532 55532 55532 55532 55532 55532 55532 55532 55532 55532 55532 55532 55532 55532 55532 55532 55532 55532 55532 55532 55532 55532 55532 55532 55532 55532 55532 55532 55532 55532 55313
Case #12: 3571098
142844 142844 142844 142844 142844 142844 142844 142844 142844 142844 142844 142844 142844 142844 142844 142844 142844 142844 142844 142844 142844 142844 142844 142843 142843
Case #13: 6934581
75376 75376 75376 75376 75376 75376 75376 75376 75376 75376 75376 75376 75376 75376 75376 75376 75376 75376 75376 75376 75376 75376 75376 75376 75376 75376 75376 75376 75376 75376 75376 75376 75376 75376 75376 75376 75376 75376 75376 75376 75376 75376 75376 75376 75376 75376 75376 75376 75376 75376 75376 75376 75376 75376 75376 75376 75376 75376 75376 75376 75376 75376 75376 75376 75376 75376 75376 75376 75376 75376 75376 75376 75376 75376 75376 75376 75376 75376 75376 75376 75376 75376 75375 75375 75375 75375 75375 75375 75375 75375 75375 75374
Case #14: 134645
1307 1307 1307 1307 1307 1307 1307 1307 1307 1307 1307 1307 1307 1307 1307 1307 1307 1307 1307 1307 1307 1307 1307 1307 1307 1307 1307 1307 1307 1307 1307 1307 1307 1307 1307 1307 1307 1307 1307 1307 1307 1307 1307 1307 1307 1307 1307 1307 1307 1307 1307 1307 1307 1307 1307 1307 1307 1307 1307 1307 1307 1307 1307 1307 1307 1307 1307 1307 1307 1307 1307 1307 1307 1307 1307 1307 1307 1307 1307 1307 1307 1307 1307 1307 1307 1307 1307 1307 1307 1307 1307 1307 1307 1307 1307 1307 1307 1307 1307 1307 1307 1307 1307 12 12
Case #15: 1921077
2186 2186 2186 2186 2186 2186 2186 2186 2186 2186 2186 2186 2186 2186 2186 2186 2186 2186 2186 2186 2186 2186 2186 2186 2186 2186 2186 2186 2186 2186 2186 2186 2186 2186 2186 2186 2186 2186 2186 2186 2186 2186 2186 2186 2186 2186 2186 2186 2186 2186 2186 2186 2186 2186 2186 2186 2186 2186 2186 2186 2186 2186 2186 2186 2186 2186 2186 2186 2186 2186 2186 2186 2186 2186 2186 2186 2186 2186 2186 2186 2186 2186 2186 2186 2186 2186 2186 2186 2186 2186 2186 2186 2186 2186 2186 2186 2186 2186 2186 2186 2186 2186 2186 2186 2186 2186 2186 2186 2186 2186 2186 2186 2186 2186 2186 2186 2186 2186 2186 2186 2186 2186 2186 2186 2186 2186 2186 2186 2186 2186 2186 2186 2186 2186 2186 2186 2186 2186 2186 2186 2186 2186 2186 2186 2186 2186 2186 2186 2186 2186 2186 2186 2186 2186 2186 2186 2186 2186 2186 2186 2186 2186 2186 2186 2186 2186 2186 2186 2186 2186 2186 2186 2186 2186 2186 2186 2186 2186 2186 2186 2186 2186 2186 2186 2186 2186 2186 2186 2186 2186 2186 2186 2186 2186 2186 2186 2186 2186 2186 2186 2186 2186 2186 2186 2186 2186 2186 2186 2186 2186 2186 2186 2186 2186 2186 2186 2186 2186 2186 2186 2186 2186 2186 2186 2186 2186 2186 2186 2186 2186 2186 2186 2186 2186 2186 2186 2186 2186 2186 2186 2186 2186 2186 2186 2186 2186 2186 2186 2186 2186 2186 2186 2186 2186 2186 2186 2186 2186 2186 2186 2186 2186 2186 2186 2186 2186 2186 2186 2186 2186 2186 2186 2186 2186 2186 2186 2186 2186 2186 2186 2186 2186 2186 2186 2186 2186 2186 2186 2186 2186 2186 2186 2186 2186 2186 2186 2186 2186 2186 2186 2186 2186 2186 2186 2186 2186 2186 2186 2186 2186 2186 2186 2186 2186 2186 2186 2186 2186 2186 2186 2186 2186 2186 2186 2186 2186 2186 2186 2186 2186 2186 2186 2186 2186 2186 2186 2186 2186 2186 2186 2186 2186 2186 2186 2186 2186 2186 2186 2186 2186 2186 2186 2186 2186 2186 2186 2186 2186 2186 2186 2186 2186 2186 2186 2186 2186 2186 2186 2186 2186 2186 2186 2186 2186 2186 2186 2186 2186 2186 2186 2186 2186 2186 2186 2186 2186 2186 2186 2186 2186 2186 2186 2186 2186 2186 2186 2186 2186 2186 2186 2186 2186 2186 2186 2186 2186 2186 2186 2186 2186 2186 2186 2186 2186 2186 2186 2186 2186 2186 2186 2186 2186 2186 2186 2186 2186 2186 2186 2186 2186 2186 2186 2186 2186 2186 2186 2186 2186 2186 2186 2186 2186 2186 2186 2186 2186 2186 2186 2186 2186 2186 2186 2186 2186 2186 2186 2186 2186 2186 2186 2186 2186 2186 2186 2186 2186 2186 2186 2186 2186 2186 2186 2186 2186 2186 2186 2186 2186 2186 2186 2186 2186 2186 2186 2186 2186 2186 2186 2186 2186 2186 2186 2186 2186 2186 2186 2186 2186 2186 2186 2186 2186 2186 2186 2186 2186 2186 2186 2186 2186 2186 2186 2186 2186 2186 2186 2186 2186 2186 2186 2186 2186 2186 2186 2186 2186 2186 2186 2186 2186 2186 2186 2186 2186 2186 2186 2186 2186 2186 2186 2186 2186 2186 2186 2186 2186 2186 2186 2186 2186 2186 2186 2186 2186 2186 2186 2186 2186 2186 2186 2186 2186 2186 2186 2186 2186 2186 2186 2186 2186 2186 2186 2186 2186 2186 2186 2186 2186 2186 2186 2186 2186 2186 2186 2186 2186 2186 2186 2186 2186 2186 2186 2186 2186 2186 2186 2186 2186 2186 2186 2186 2186 2186 2186 2186 2186 2186 2186 2186 2186 2186 2186 2186 2186 2186 2186 2186 2186 2186 2186 2186 2186 2186 2186 2186 2186 2186 2186 2186 2186 2186 2186 2186 2186 2186 2186 2186 2186 2186 2186 2186 2186 2186 2186 2186 2186 2186 2186 2186 2186 2186 2186 2186 2186 2186 2186 2186 2186 2186 2186 2186 2186 2186 2186 2186 2186 2186 2186 2186 2186 2186 2186 2186 2186 2186 2186 2186 2186 2186 2186 2186 2186 2186 2186 2186 2186 2186 2186 2186 2186 2186 2186 2186 2186 2186 2186 2186 2186 2186 2186 2186 2186 2186 2186 2186 2186 2186 2186 2186 2186 2186 2186 2186 2186 2186 2186 2186 2186 2186 2186 2186 2186 2186 2186 2186 2186 2186 2186 2186 2186 2186 2186 2186 2186 2186 2186 2186 2186 2186 2186 2186 2186 2186 2186 2186 2186 2186 2186 2186 2186 2186 2186 2186 2186 2186 2186 2186 2186 2186 2186 2186 2186 2186 2186 2186 2186 2186 2186 2186 2186 2186 2186 2186 2186 2186 2186 2186 2186 2186 2186 2186 2186 2186 2186 2186 2186 2186 2186 2186 2186 2186 2186 2186 2186 2186 2186 2186 2186 2186 2186 2186 2186 2186 2186 2186 2186 2186 2186 2186 2186 2186 2186 2186 2186 2186 2186 2186 2186 2186 2186 2186 2186 2186 2186 2186 2186 2186 2186 2186 2186 2186 2186 2186 2186 2186 2186 2186 2186 2186 2186 2186 2186 2186 2186 2186 2186 2186 2186 2186 2186 2186 2186 2186 2186 2186 2186 2186 2186 2186 2186 2186 2186 2186 2186 2186 2186 2186 2186 2186 2186 2186 2186 2186 2186 2186 2186 2047 2047 2047 0
Case #16: 11519
209 209 209 209 209 209 209 209 209 209 209 209 209 209 209 209 209 209 209 209 209 209 209 209 209 209 209 209 209 209 209 209 209 209 209 209 209 209 209 209 209 209 209 209 209 209 209 209 209 209 209 209 209 209 209 24 0
Case #17: 30
1 1 1 1 1 1 1 1 1 1 1 1 1 1 1 1 1 1 1 1 1 1 1 1 1 1 1 1 1 1 0 0 0 0 0 0 0 0 0 0 0 0 0 0 0 0 0 0 0 0 0 0 0 0 0 0 0 0 0 0 0 0 0 0 0 0 0 0 0 0 0 0 0 0 0 0 0 0 0 0 0 0 0 0 0 0 0 0 0 0 0 0 0 0 0 0 0
Case #18: 11
3 3 3 2 0
Case #19: 2
1 1 0 0 0 0 0 0 0 0 0 0 0 0 0 0 0 0 0 0 0 0 0 0 0 0 0 0 0 0 0 0 0 0 0 0 0 0 0 0 0 0 0 0 0 0 0 0 0 0 0 0 0 0 0 0 0 0 0 0 0 0 0 0 0 0 0 0 0 0 0 0 0 0 0 0 0 0 0 0 0 0 0 0 0 0 0 0 0 0 0 0 0 0 0 0 0 0 0 0 0 0 0 0 0 0 0 0 0 0 0 0 0 0 0 0 0 0 0 0 0 0 0 0 0 0 0 0 0 0 0 0 0 0 0 0 0 0 0 0 0 0
Case #20: 26
1 1 1 1 1 1 1 1 1 1 1 1 1 1 1 1 1 1 1 1 1 1 1 1 1 1 0 0 0 0 0 0 0 0 0 0 0 0 0 0 0 0 0 0 0 0 0 0 0 0 0 0 0 0 0 0 0 0 0 0 0 0 0 0 0 0 0 0 0 0 0 0 0 0 0 0 0 0 0 0 0 0 0 0 0 0 0 0 0 0 0 0 0 0 0 0 0 0 0 0 0 0 0 0 0 0 0 0 0 0 0 0 0 0 0 0 0 0 0 0 0 0 0 0 0 0 0 0 0 0 0 0 0 0 0 0 0 0 0 0 0 0 0 0 0 0 0 0 0 0 0 0 0 0 0 0 0 0 0 0 0 0 0 0 0 0 0 0 0 0 0 0 0 0 0 0 0 0 0 0 0 0 0 0 0 0 0 0 0 0 0 0 0 0 0 0 0 0 0 0 0 0 0 0 0 0 0 0 0 0 0 0 0 0 0 0 0 0 0 0 0 0 0 0 0 0 0 0 0 0 0 0 0 0 0 0 0 0 0 0 0 0 0 0 0 0 0 0 0 0 0 0 0 0 0 0 0 0 0 0 0 0 0 0 0 0 0 0 0 0 0 0 0 0 0 0 0 0 0 0 0 0 0 0 0 0 0 0 0 0 0 0 0 0 0 0 0 0 0 0 0 0 0 0 0 0 0 0 0 0 0 0 0 0 0 0 0 0 0 0 0 0 0 0 0 0 0
Case #21: 851572843
6652913 6652913 6652913 6652913 6652913 6652913 6652913 6652913 6652913 6652913 6652913 6652913 6652913 6652913 6652913 6652913 6652913 6652913 6652913 6652913 6652913 6652913 6652913 6652913 6652913 6652913 6652913 6652913 6652913 6652913 6652913 6652913 6652913 6652913 6652913 6652913 6652913 6652913 6652913 6652913 6652913 6652913 6652913 6652913 6652913 6652913 6652913 6652913 6652913 6652913 6652913 6652913 6652913 6652913 6652913 6652913 6652913 6652913 6652913 6652913 6652913 6652913 6652913 6652913 6652913 6652913 6652913 6652913 6652913 6652913 6652913 6652913 6652913 6652913 6652913 6652913 6652913 6652913 6652913 6652913 6652913 6652913 6652913 6652913 6652913 6652913 6652913 6652913 6652913 6652913 6652913 6652913 6652913 6652913 6652913 6652913 6652913 6652913 6652913 6652913 6652913 6652913 6652913 6652913 6652913 6652913 6652913 6652913 6652913 6652913 6652913 6652913 6652913 6652913 6652913 6652913 6652913 6652913 6652913 6652913 6652913 6652913 6652913 6652913 6652913 6652906 6652906 6652906
Case #22: 5
1 1 1 1 1 0 0 0 0 0 0 0 0 0 0 0 0 0 0 0 0 0 0 0 0 0 0 0 0 0 0 0 0 0 0 0 0 0 0 0 0 0 0 0 0 0 0 0 0 0 0 0 0 0 0 0 0 0 0 0 0 0 0 0 0 0 0 0 0 0 0 0 0 0 0 0 0 0 0 0 0 0 0 0 0 0 0 0 0 0 0 0 0 0 0 0 0 0 0 0 0 0 0 0 0 0 0 0 0 0 0 0 0 0 0 0 0 0 0 0 0 0 0 0 0 0 0 0 0 0 0 0 0 0 0 0 0 0 0 0 0 0 0 0
Case #23: 34118654
598573 598573 598573 598573 598573 598573 598573 598573 598573 598573 598573 598573 598573 598573 598573 598573 598573 598573 598573 598573 598573 598573 598573 598573 598573 598573 598573 598573 598573 598573 598573 598573 598573 598573 598573 598573 598573 598573 598573 598573 598573 598573 598573 598573 598573 598573 598573 598573 598573 598573 598573 598573 598572 598572 598572 598571 598571
Case #24: 109291919
114203 114203 114203 114203 114203 114203 114203 114203 114203 114203 114203 114203 114203 114203 114203 114203 114203 114203 114203 114203 114203 114203 114203 114203 114203 114203 114203 114203 114203 114203 114203 114203 114203 114203 114203 114203 114203 114203 114203 114203 114203 114203 114203 114203 114203 114203 114203 114203 114203 114203 114203 114203 114203 114203 114203 114203 114203 114203 114203 114203 114203 114203 114203 114203 114203 114203 114203 114203 114203 114203 114203 114203 114203 114203 114203 114203 114203 114203 114203 114203 114203 114203 114203 114203 114203 114203 114203 114203 114203 114203 114203 114203 114203 114203 114203 114203 114203 114203 114203 114203 114203 114203 114203 114203 114203 114203 114203 114203 114203 114203 114203 114203 114203 114203 114203 114203 114203 114203 114203 114203 114203 114203 114203 114203 114203 114203 114203 114203 114203 114203 114203 114203 114203 114203 114203 114203 114203 114203 114203 114203 114203 114203 114203 114203 114203 114203 114203 114203 114203 114203 114203 114203 114203 114203 114203 114203 114203 114203 114203 114203 114203 114203 114203 114203 114203 114203 114203 114203 114203 114203 114203 114203 114203 114203 114203 114203 114203 114203 114203 114203 114203 114203 114203 114203 114203 114203 114203 114203 114203 114203 114203 114203 114203 114203 114203 114203 114203 114203 114203 114203 114203 114203 114203 114203 114203 114203 114203 114203 114203 114203 114203 114203 114203 114203 114203 114203 114203 114203 114203 114203 114203 114203 114203 114203 114203 114203 114203 114203 114203 114203 114203 114203 114203 114203 114203 114203 114203 114203 114203 114203 114203 114203 114203 114203 114203 114203 114203 114203 114203 114203 114203 114203 114203 114203 114203 114203 114203 114203 114203 114203 114203 114203 114203 114203 114203 114203 114203 114203 114203 114203 114203 114203 114203 114203 114203 114203 114203 114203 114203 114203 114203 114203 114203 114203 114203 114203 114203 114203 114203 114203 114203 114203 114203 114203 114203 114203 114203 114203 114203 114203 114203 114203 114203 114203 114203 114203 114203 114203 114203 114203 114203 114203 114203 114203 114203 114203 114203 114203 114203 114203 114203 114203 114203 114203 114203 114203 114203 114203 114203 114203 114203 114203 114203 114203 114203 114203 114203 114203 114203 114203 114203 114203 114203 114203 114203 114203 114203 114203 114203 114203 114203 114203 114203 114203 114203 114203 114203 114203 114203 114203 114203 114203 114203 114203 114203 114203 114203 114203 114203 114203 114203 114203 114203 114203 114203 114203 114203 114203 114203 114203 114203 114203 114203 114203 114203 114203 114203 114203 114203 114203 114203 114203 114203 114203 114203 114203 114203 114203 114203 114203 114203 114203 114203 114203 114203 114203 114203 114203 114203 114203 114203 114203 114203 114203 114203 114203 114203 114203 114203 114203 114203 114203 114203 114203 114203 114203 114203 114203 114203 114203 114203 114203 114203 114203 114203 114203 114203 114203 114203 114203 114203 114203 114203 114203 114203 114203 114203 114203 114203 114203 114203 114203 114203 114203 114203 114203 114203 114203 114203 114203 114203 114203 114203 114203 114203 114203 114203 114203 114203 114203 114203 114203 114203 114203 114203 114203 114203 114203 114203 114203 114203 114203 114203 114203 114203 114203 114203 114203 114203 114203 114203 114203 114203 114203 114203 114203 114203 114203 114203 114203 114203 114203 114203 114203 114203 114203 114203 114203 114203 114203 114203 114203 114203 114203 114203 114203 114203 114203 114203 114203 114203 114203 114203 114203 114203 114203 114203 114203 114203 114203 114203 114203 114203 114203 114203 114203 114203 114203 114203 114203 114203 114203 114203 114203 114203 114203 114203 114203 114203 114203 114203 114203 114203 114203 114203 114203 114203 114203 114203 114203 114203 114203 114203 114203 114203 114203 114203 114203 114203 114203 114203 114203 114203 114203 114203 114203 114203 114203 114203 114203 114203 114203 114203 114203 114203 114203 114203 114203 114203 114203 114203 114203 114203 114203 114203 114203 114203 114203 114203 114203 114203 114203 114203 114203 114203 114202 114202 114202 114202 114202 114202 114202 114202 114202 114202 114202 114202 114202 114202 114202 114202 114202 114202 114202 114202 114202 114202 114202 114202 114202 114202 114202 114202 114202 114202 114202 114202 114202 114202 114202 114202 114202 114202 114202 114202 114202 114202 114202 114202 114202 114202 114202 114202 114202 114202 114202 114202 114202 114202 114202 114202 114202 114202 114202 114202 114202 114202 114202 114202 114202 114202 114202 114202 114202 114202 114202 114202 114202 114202 114202 114202 114202 114202 114202 114202 114202 114202 114202 114202 114202 114202 114202 114202 114202 114202 114202 114202 114202 114202 114202 114202 114202 114202 114202 114202 114202 114202 114202 114202 114202 114202 114202 114202 114202 114202 114202 114202 114202 114202 114202 114202 114202 114202 114202 114202 114202 114202 114202 114202 114202 114202 114202 114202 114202 114202 114202 114202 114202 114202 114202 114202 114202 114202 114202 114202 114202 114202 114202 114202 114202 114202 114202 114202 114202 114202 114202 114202 114202 114202 114202 114202 114202 114202 114202 114202 114202 114202 114202 114202 114202 114202 114202 114202 114202 114202 114202 114202 114202 114202 114202 114202 114202 114202 114202 114202 114202 114202 114202 114202 114202 114202 114202 114202 114202 114202 114202 114202 114202 114202 114202 114202 114202 114202 114202 114202 114202 114202 114202 114202 114202 114202 114202 114202 114202 114202 114202 114202 114202 114202 114202 114202 114202 114202 114202 114202 114202 114202 114202 114202 114202 114202 114202 114202 114202 114202 114202 114202 114202 114202 114202 114202 114202 114202 114202 114202 114202 114202 114202 114202 114202 114202 114202 114202 114202 114202 114202 114202 114202 114202 114202 114202 114202 114202 114202 114202 114202 114202 114202 114202 114202 114202 114202 114202 114202 114202 114202 114202 114202 114202 114202 114202 114202 114202 114202 114202 114202 114202 114202 114202 114202 114202 114202 114202 114202 114202 114202 114202 114202 114202 114202 114202 114202 114202 114202 114202 114202 114202 114202 114202 114202 114202 114202 114202 114202 114202 114202 114202 114202 114202 114202 114202 114202 114202 114202 114202 114202 114202 114202 114202 114202 114202 114202 114202 114202 114202 114202 114202 114202 114202 114202 114202 114202 114202 114202 114202 114202 114202 114202 114202 114202 114202 114202 114202 114202 114202 114202 114202 0
Case #25: 1004902
7790 7790 7790 7790 7790 7790 7790 7790 7790 7790 7790 7790 7790 7790 7790 7790 7790 7790 7790 7790 7790 7790 7790 7790 7790 7790 7790 7790 7790 7790 7790 7790 7790 7790 7790 7790 7790 7790 7790 7790 7790 7790 7790 7790 7790 7790 7790 7790 7790 7790 7790 7790 7790 7790 7790 7790 7790 7790 7790 7790 7790 7790 7790 7790 7790 7790 7790 7790 7790 7790 7790 7790 7790 7790 7790 7790 7790 7790 7790 7790 7790 7790 7790 7790 7790 7790 7790 7790 7790 7790 7790 7790 7790 7790 7790 7790 7790 7790 7790 7790 7790 7790 7790 7790 7790 7790 7790 7790 7790 7790 7790 7790 7790 7790 7790 7790 7790 7790 7790 7790 7790 7790 7790 7790 7790 7788 7788 7788 7788
Case #26: 1
1 0 0 0 0 0 0 0 0 0 0 0 0 0 0 0 0 0 0 0 0 0 0 0 0 0 0 0 0 0 0 0 0 0 0 0 0 0 0 0 0 0 0 0 0 0 0 0 0 0 0 0 0 0 0 0 0 0 0 0 0 0 0 0 0 0 0 0 0 0 0 0 0 0 0 0 0 0 0 0 0 0 0 0 0 0 0 0 0 0 0 0 0 0 0 0 0 0 0 0 0 0 0 0 0 0 0 0 0 0 0
Case #27: 2
1 1 0 0 0 0 0 0 0 0 0 0 0 0 0 0 0 0 0 0 0 0 0 0 0 0 0 0 0 0 0 0 0 0 0 0 0 0 0 0 0 0 0 0 0 0 0 0 0 0 0 0 0 0 0 0 0 0 0 0 0 0 0 0 0 0 0 0 0 0 0 0 0 0 0 0 0 0 0 0 0 0 0 0 0 0 0 0 0 0 0 0 0 0 0 0 0 0 0 0 0 0 0 0 0 0 0 0 0 0 0 0 0 0 0 0 0 0 0 0 0 0 0 0 0 0 0 0 0 0 0 0 0 0 0 0 0 0 0 0 0 0 0 0 0 0 0 0 0 0 0 0 0 0 0 0 0 0 0 0 0 0 0 0 0 0 0 0 0 0 0 0 0 0 0 0 0 0 0 0 0 0 0 0 0 0 0 0 0 0 0 0 0 0 0 0 0 0 0 0
Case #28: 7489295
124822 124822 124822 124822 124822 124822 124822 124822 124822 124822 124822 124822 124822 124822 124822 124822 124822 124822 124822 124822 124822 124822 124822 124822 124822 124822 124822 124822 124822 124822 124822 124822 124822 124822 124822 124821 124821 124821 124821 124821 124821 124821 124821 124821 124821 124821 124821 124821 124821 124821 124821 124821 124821 124821 124821 124821 124821 124821 124821 124821
Case #29: 6401915
18774 18774 18774 18774 18774 18774 18774 18774 18774 18774 18774 18774 18774 18774 18774 18774 18774 18774 18774 18774 18774 18774 18774 18774 18774 18774 18774 18774 18774 18774 18774 18774 18774 18774 18774 18774 18774 18774 18774 18774 18774 18774 18774 18774 18774 18774 18774 18774 18774 18774 18774 18774 18774 18774 18774 18774 18774 18774 18774 18774 18774 18774 18774 18774 18774 18774 18774 18774 18774 18774 18774 18774 18774 18774 18774 18774 18774 18774 18774 18774 18774 18774 18774 18774 18774 18774 18774 18774 18774 18774 18774 18774 18774 18774 18774 18774 18774 18774 18774 18774 18774 18774 18774 18774 18774 18774 18774 18774 18774 18774 18774 18774 18774 18774 18774 18774 18774 18774 18774 18774 18774 18774 18774 18774 18774 18774 18774 18774 18774 18774 18774 18774 18774 18774 18774 18774 18774 18774 18774 18774 18774 18774 18774 18774 18774 18774 18774 18774 18774 18774 18774 18774 18774 18774 18774 18774 18774 18774 18774 18774 18774 18774 18774 18774 18774 18774 18774 18774 18774 18774 18774 18774 18774 18774 18774 18774 18774 18774 18774 18774 18774 18774 18774 18774 18774 18774 18774 18774 18774 18774 18774 18774 18774 18774 18774 18774 18774 18774 18774 18774 18774 18774 18774 18774 18774 18774 18774 18774 18774 18774 18774 18774 18774 18774 18774 18774 18774 18774 18774 18774 18774 18774 18774 18774 18774 18774 18774 18774 18774 18774 18774 18774 18774 18774 18774 18774 18774 18774 18774 18774 18774 18774 18774 18774 18774 18774 18774 18774 18774 18774 18774 18774 18774 18774 18774 18774 18774 18774 18774 18774 18774 18774 18774 18774 18774 18774 18774 18774 18774 18774 18774 18774 18774 18774 18774 18774 18774 18774 18774 18774 18774 18774 18774 18774 18774 18774 18774 18774 18774 18774 18774 18774 18774 18774 18774 18774 18774 18774 18774 18774 18774 18774 18774 18774 18774 18774 18774 18774 18774 18774 18774 18774 18774 18774 18774 18774 18774 18774 18774 18774 18774 18774 18774 18774 18774 18774 18774 18774 18774 18774 18774 18773 18772 18772 18772 18772 18772 18772 18772 18772 18772
Case #30: 57
9 9 9 9 9 9 3 0
Case #31: 20
3 3 3 3 3 3 2 0
Case #32: 4686186
10391 10391 10391 10391 10391 10391 10391 10391 10391 10391 10391 10391 10391 10391 10391 10391 10391 10391 10391 10391 10391 10391 10391 10391 10391 10391 10391 10391 10391 10391 10391 10391 10391 10391 10391 10391 10391 10391 10391 10391 10391 10391 10391 10391 10391 10391 10391 10391 10391 10391 10391 10391 10391 10391 10391 10391 10391 10391 10391 10391 10391 10391 10391 10391 10391 10391 10391 10391 10391 10391 10391 10391 10391 10391 10391 10391 10391 10391 10391 10391 10391 10391 10391 10391 10391 10391 10391 10391 10391 10391 10391 10391 10391 10391 10391 10391 10391 10391 10391 10391 10391 10391 10391 10391 10391 10391 10391 10391 10391 10391 10391 10391 10391 10391 10391 10391 10391 10391 10391 10391 10391 10391 10391 10391 10391 10391 10391 10391 10391 10391 10391 10391 10391 10391 10391 10391 10391 10391 10391 10391 10391 10391 10391 10391 10391 10391 10391 10391 10391 10391 10391 10391 10391 10391 10391 10391 10391 10391 10391 10391 10391 10391 10391 10391 10391 10391 10391 10391 10391 10391 10391 10391 10391 10391 10391 10391 10391 10391 10391 10391 10391 10391 10391 10391 10391 10391 10391 10391 10391 10391 10391 10391 10391 10391 10391 10391 10391 10391 10391 10391 10391 10391 10391 10391 10391 10391 10391 10391 10391 10391 10391 10391 10391 10391 10391 10391 10391 10391 10391 10391 10391 10391 10391 10391 10391 10391 10391 10391 10391 10391 10391 10391 10391 10391 10391 10391 10391 10391 10391 10391 10391 10391 10391 10391 10391 10391 10391 10391 10391 10391 10391 10391 10391 10391 10391 10391 10391 10391 10391 10391 10391 10391 10391 10391 10391 10391 10391 10391 10391 10391 10391 10391 10391 10391 10391 10391 10391 10391 10391 10391 10391 10391 10391 10391 10391 10391 10391 10391 10391 10391 10391 10391 10391 10391 10391 10391 10391 10391 10391 10391 10391 10391 10391 10391 10391 10391 10391 10391 10391 10391 10391 10391 10391 10391 10391 10391 10391 10391 10391 10391 10391 10391 10391 10391 10391 10391 10391 10391 10391 10391 10391 10391 10391 10391 10391 10391 10391 10391 10391 10391 10391 10391 10391 10391 10391 10391 10391 10391 10391 10391 10391 10391 10391 10391 10391 10391 10391 10391 10391 10391 10391 10391 10391 10391 10391 10391 10391 10391 10391 10391 10391 10391 10391 10391 10391 10391 10391 10391 10391 10391 10391 10391 10391 10391 10391 10391 10391 10391 10391 10391 10391 10391 10391 10391 10391 10391 10391 10391 10391 10391 10391 10391 10391 10391 10391 10391 10391 10391 10391 10391 10391 10391 10391 10391 10391 10391 10391 10391 10391 10391 10391 10391 10391 10391 10391 10391 10391 10391 10391 10391 10391 10391 10391 10391 10391 10391 10391 10391 10391 10391 10391 10391 10391 10391 10391 10391 10391 10391 10391 10314 10313
Case #33: 128150
145 145 145 145 145 145 145 145 145 145 145 145 145 145 145 145 145 145 145 145 145 145 145 145 145 145 145 145 145 145 145 145 145 145 145 145 145 145 145 145 145 145 145 145 145 145 145 145 145 145 145 145 145 145 145 145 145 145 145 145 145 145 145 145 145 145 145 145 145 145 145 145 145 145 145 145 145 145 145 145 145 145 145 145 145 145 145 145 145 145 145 145 145 145 145 145 145 145 145 145 145 145 145 145 145 145 145 145 145 145 145 145 145 145 145 145 145 145 145 145 145 145 145 145 145 145 145 145 145 145 145 145 145 145 145 145 145 145 145 145 145 145 145 145 145 145 145 145 145 145 145 145 145 145 145 145 145 145 145 145 145 145 145 145 145 145 145 145 145 145 145 145 145 145 145 145 145 145 145 145 145 145 145 145 145 145 145 145 145 145 145 145 145 145 145 145 145 145 145 145 145 145 145 145 145 145 145 145 145 145 145 145 145 145 145 145 145 145 145 145 145 145 145 145 145 145 145 145 145 145 145 145 145 145 145 145 145 145 145 145 145 145 145 145 145 145 145 145 145 145 145 145 145 145 145 145 145 145 145 145 145 145 145 145 145 145 145 145 145 145 145 145 145 145 145 145 145 145 145 145 145 145 145 145 145 145 145 145 145 145 145 145 145 145 145 145 145 145 145 145 145 145 145 145 145 145 145 145 145 145 145 145 145 145 145 145 145 145 145 145 145 145 145 145 145 145 145 145 145 145 145 145 145 145 145 145 145 145 145 145 145 145 145 145 145 145 145 145 145 145 145 145 145 145 145 145 145 145 145 145 145 145 145 145 145 145 145 145 145 145 145 145 145 145 145 145 145 145 145 145 145 145 145 145 145 145 145 145 145 145 145 145 145 145 145 145 145 145 145 145 145 145 145 145 145 145 145 145 145 145 145 145 145 145 145 145 145 145 145 145 145 145 145 145 145 145 145 145 145 145 145 145 145 145 145 145 145 145 145 145 145 145 145 145 145 145 145 145 145 145 145 145 145 145 145 145 145 145 145 145 145 145 145 145 145 145 145 145 145 145 145 145 145 145 145 145 145 145 145 145 145 145 145 145 145 145 145 145 145 145 145 145 145 145 145 145 145 145 145 145 145 145 145 145 145 145 145 145 145 145 145 145 145 145 145 145 145 145 145 145 145 145 145 145 145 145 145 145 145 145 145 145 145 145 145 145 145 145 145 145 145 145 145 145 145 145 145 145 145 145 145 145 145 145 145 145 145 145 145 145 145 145 145 145 145 145 145 145 145 145 145 145 145 145 145 145 145 145 145 145 145 145 145 145 145 145 145 145 145 145 145 145 145 145 145 145 145 145 145 145 145 145 145 145 145 145 145 145 145 145 145 145 145 145 145 145 145 145 145 145 145 145 145 145 145 145 145 145 145 145 145 145 145 145 145 145 145 145 145 145 145 145 145 145 145 145 145 145 145 145 145 145 145 145 145 145 145 145 145 145 145 145 145 145 145 145 145 145 145 145 145 145 145 145 145 145 145 145 145 145 145 145 145 145 145 145 145 145 145 145 145 145 145 145 145 145 145 145 145 145 145 145 145 145 145 145 145 145 145 145 145 145 145 145 145 145 145 145 145 145 145 145 145 145 145 145 145 145 145 145 145 145 145 145 145 145 145 145 145 145 145 145 145 145 145 145 145 145 145 145 145 145 145 145 145 145 145 145 145 145 145 145 145 145 145 145 145 145 145 145 145 145 145 145 145 145 145 145 145 145 145 145 145 145 145 145 145 145 145 145 145 145 145 145 145 145 145 145 145 145 145 145 145 145 145 145 145 145 145 145 145 145 145 145 145 145 145 145 145 145 145 145 145 145 145 145 145 145 145 145 145 145 145 145 145 145 145 145 145 145 145 145 145 145 145 145 145 145 145 145 145 145 145 145 145 145 145 145 145 145 145 145 145 145 145 145 145 145 145 145 145 145 145 145 145 145 145 145 145 145 145 145 145 58 57
Case #34: 2822117
16313 16313 16313 16313 16313 16313 16313 16313 16313 16313 16313 16313 16313 16313 16313 16313 16313 16313 16313 16313 16313 16313 16313 16313 16313 16313 16313 16313 16313 16313 16313 16313 16313 16313 16313 16313 16313 16313 16313 16313 16313 16313 16313 16313 16313 16313 16313 16313 16313 16313 16313 16313 16313 16313 16313 16313 16313 16313 16313 16313 16313 16313 16313 16313 16313 16313 16313 16313 16313 16313 16313 16313 16313 16313 16313 16313 16313 16313 16313 16313 16313 16313 16313 16313 16313 16313 16313 16313 16313 16313 16313 16313 16313 16313 16313 16313 16313 16313 16313 16313 16313 16313 16313 16313 16313 16313 16313 16313 16313 16313 16313 16313 16313 16313 16313 16313 16313 16313 16313 16313 16313 16313 16313 16313 16313 16313 16313 16313 16313 16313 16313 16313 16313 16313 16313 16313 16313 16313 16313 16313 16313 16313 16313 16313 16312 16312 16312 16312 16312 16312 16312 16312 16312 16312 16312 16312 16312 16312 16312 16312 16312 16312 16312 16312 16312 16312 16312 16312 16312 16312 16311 16311 16311
Case #35: 1125
3 3 3 3 3 3 3 3 3 3 3 3 3 3 3 3 3 3 3 3 3 3 3 3 3 3 3 3 3 3 3 3 3 3 3 3 3 3 3 3 3 3 3 3 3 3 3 3 3 3 3 3 3 3 3 3 3 3 3 3 3 3 3 3 3 3 3 3 3 3 3 3 3 3 3 3 3 3 3 3 3 3 3 3 3 3 3 3 3 3 3 3 3 3 3 3 3 3 3 3 3 3 3 3 3 3 3 3 3 3 3 3 3 3 3 3 3 3 3 3 3 3 3 3 3 3 3 3 3 3 3 3 3 3 3 3 3 3 3 3 3 3 3 3 3 3 3 3 3 3 3 3 3 3 3 3 3 3 3 3 3 3 3 3 3 3 3 3 3 3 3 3 3 3 3 3 3 3 3 3 3 3 3 3 3 3 3 3 3 3 3 3 3 3 3 3 3 3 3 3 3 3 3 3 3 3 3 3 3 3 3 2 2 2 2 2 2 2 2 2 2 2 2 2 2 2 2 2 2 2 2 2 2 2 2 2 2 2 2 2 2 2 2 2 2 2 2 2 2 2 2 2 2 2 2 2 2 2 2 2 2 2 2 2 2 2 2 2 2 2 2 2 2 2 2 2 2 2 2 2 2 2 2 2 2 2 2 2 2 2 2 2 2 2 2 2 2 2 2 2 2 2 2 2 2 2 2 2 2 2 2 2 2 2 2 2 2 2 2 2 2 2 2 2 2 2 2 2 2 2 2 2 2 2 2 2 2 2 2 2 2 2 2 2 2 2 2 2 2 2 2 2 2 2 2 2 2 2 2 2 2 2 2 2 2 2 2 2 2 2 2 2 2 2 2 2 2 2 2 2 2 2 2 2 2 2 2 2 2 2 2 2 2 2 2 2 2 2 2 2 2 2 2 2 2 2 2 2 2 2 2 2 2 2 2 2 2 2 2 2 2 2 2 2 2 2 2 2 2 2 2 2 2 2 2 2 2 2 2 2 2 2 2 2 2 2 2 2 2 2 2 2 2 2 2 2 2
Case #36: 2
2 0 0 0 0 0 0 0 0 0 0 0 0 0 0 0 0 0 0 0 0 0 0 0 0 0 0 0 0 0 0 0 0 0 0 0 0 0 0 0 0 0 0 0 0 0 0 0 0 0 0 0 0 0 0 0 0 0 0 0 0 0 0 0 0 0 0 0 0 0 0 0 0 0 0 0 0 0 0 0 0 0 0 0 0 0 0 0 0 0 0 0 0 0 0 0 0 0 0 0 0 0 0 0 0 0 0 0 0 0 0 0 0 0 0 0 0 0 0 0 0 0 0 0 0 0 0 0 0 0 0 0 0 0 0 0 0 0 0 0 0 0 0 0 0 0 0 0 0 0
Case #37: 2
1 1 0 0 0 0 0 0 0 0 0 0
Case #38: 1046
3 3 3 3 3 3 3 3 3 3 3 3 3 3 3 3 3 3 3 3 3 3 3 3 3 3 3 3 3 3 3 3 3 3 3 3 3 3 3 3 3 3 3 3 3 3 3 3 3 3 3 3 3 3 3 3 3 3 3 3 3 3 3 3 3 3 3 3 3 3 3 3 3 3 3 3 3 3 3 3 3 3 3 3 3 3 3 3 3 3 3 3 3 3 3 3 3 3 3 3 3 3 3 3 3 3 3 3 3 3 3 3 3 3 3 3 3 3 3 3 3 3 3 3 3 3 3 3 3 3 3 3 3 3 3 3 3 3 3 3 3 3 3 3 3 3 3 3 3 3 3 3 3 3 3 3 3 3 3 3 3 3 3 3 3 3 3 3 3 3 3 3 3 3 3 3 3 3 3 3 3 3 3 3 3 3 3 3 3 3 3 3 3 3 3 3 3 3 3 3 3 3 3 3 3 3 3 3 3 3 3 3 3 3 3 3 3 3 3 3 3 3 3 3 3 3 3 3 3 3 3 3 3 3 3 3 3 3 3 3 3 3 3 3 3 3 3 3 3 3 3 3 3 3 3 3 3 3 3 3 3 3 3 3 3 3 3 3 3 3 3 3 3 3 3 3 3 3 3 3 3 3 3 3 3 3 3 3 3 3 3 3 3 3 3 3 3 3 3 3 3 3 3 3 3 3 3 3 3 3 3 3 3 3 3 3 3 3 3 3 3 3 3 3 3 3 3 3 3 3 3 2 2 2 2 2 2 2 2 2 2 2 2 2 2 2 2 2 2 2 2 2 2 2 2 2 2 1 0 0 0 0 0 0 0 0 0 0 0 0 0 0 0 0 0 0 0 0 0 0 0 0 0 0 0 0 0 0 0 0 0 0 0 0 0 0 0 0
Case #39: 975508347
2747911 2747911 2747911 2747911 2747911 2747911 2747911 2747911 2747911 2747911 2747911 2747911 2747911 2747911 2747911 2747911 2747911 2747911 2747911 2747911 2747911 2747911 2747911 2747911 2747911 2747911 2747911 2747911 2747911 2747911 2747911 2747911 2747911 2747911 2747911 2747911 2747911 2747911 2747911 2747911 2747911 2747911 2747911 2747911 2747911 2747911 2747911 2747911 2747911 2747911 2747911 2747911 2747911 2747911 2747911 2747911 2747911 2747911 2747911 2747911 2747911 2747911 2747911 2747911 2747911 2747911 2747911 2747911 2747911 2747911 2747911 2747911 2747911 2747911 2747911 2747911 2747911 2747911 2747911 2747911 2747911 2747911 2747911 2747911 2747911 2747911 2747911 2747911 2747911 2747911 2747911 2747911 2747911 2747911 2747911 2747911 2747911 2747911 2747911 2747911 2747911 2747911 2747911 2747911 2747911 2747911 2747911 2747911 2747911 2747911 2747911 2747911 2747911 2747911 2747911 2747911 2747911 2747911 2747911 2747911 2747911 2747911 2747911 2747911 2747911 2747911 2747911 2747911 2747911 2747911 2747911 2747911 2747911 2747911 2747911 2747911 2747911 2747911 2747911 2747911 2747911 2747911 2747911 2747911 2747911 2747911 2747911 2747911 2747911 2747911 2747911 2747911 2747911 2747911 2747911 2747911 2747911 2747911 2747911 2747911 2747911 2747911 2747911 2747911 2747911 2747911 2747911 2747911 2747911 2747911 2747911 2747911 2747911 2747911 2747911 2747911 2747911 2747911 2747911 2747911 2747911 2747911 2747911 2747911 2747911 2747911 2747911 2747911 2747911 2747911 2747911 2747911 2747911 2747911 2747911 2747911 2747911 2747911 2747911 2747911 2747911 2747911 2747911 2747911 2747911 2747911 2747911 2747911 2747911 2747911 2747911 2747911 2747911 2747911 2747911 2747911 2747911 2747911 2747911 2747911 2747911 2747911 2747911 2747911 2747911 2747911 2747911 2747911 2747911 2747911 2747911 2747911 2747911 2747911 2747911 2747911 2747911 2747911 2747911 2747911 2747911 2747911 2747911 2747911 2747911 2747911 2747911 2747911 2747911 2747911 2747911 2747911 2747911 2747911 2747911 2747911 2747911 2747911 2747911 2747911 2747911 2747911 2747911 2747911 2747911 2747911 2747911 2747911 2747911 2747911 2747911 2747911 2747911 2747911 2747911 2747911 2747911 2747911 2747911 2747911 2747911 2747911 2747911 2747911 2747911 2747911 2747911 2747911 2747911 2747911 2747911 2747911 2747911 2747911 2747911 2747911 2747911 2747910 2747910 2747910 2747910 2747910 2747910 2747910 2747910 2747910 2747910 2747910 2747910 2747910 2747910 2747910 2747910 2747910 2747910 2747910 2747910 2747910 2747910 2747910 2747910 2747910 2747910 2747910 2747910 2747910 2747910 2747910 2747910 2747910 2747910 2747910 2747910 2747910 2747910 2747910 2747910 2747910 2747910 2747910 2747910 2747910 2747910 2747910 2747910 2747910 2747910 2747910 2747910 2747910 2747910 2747910 2747910 2747910 2747910
Case #40: 3177675571
117691688 117691688 117691688 117691688 117691688 117691688 117691688 117691688 117691688 117691688 117691688 117691688 117691688 117691688 117691688 117691688 117691688 117691688 117691688 117691688 117691688 117691688 117691688 117691688 117691688 117691688 117691683 0 0 0
Case #41: 756762650
3234029 3234029 3234029 3234029 3234029 3234029 3234029 3234029 3234029 3234029 3234029 3234029 3234029 3234029 3234029 3234029 3234029 3234029 3234029 3234029 3234029 3234029 3234029 3234029 3234029 3234029 3234029 3234029 3234029 3234029 3234029 3234029 3234029 3234029 3234029 3234029 3234029 3234029 3234029 3234029 3234029 3234029 3234029 3234029 3234029 3234029 3234029 3234029 3234029 3234029 3234029 3234029 3234029 3234029 3234029 3234029 3234029 3234029 3234029 3234029 3234029 3234029 3234029 3234029 3234029 3234029 3234029 3234029 3234029 3234029 3234029 3234029 3234029 3234029 3234029 3234029 3234029 3234029 3234029 3234029 3234029 3234029 3234029 3234029 3234029 3234029 3234029 3234029 3234029 3234029 3234029 3234029 3234029 3234029 3234029 3234029 3234029 3234029 3234028 3234028 3234028 3234028 3234028 3234028 3234028 3234028 3234028 3234028 3234028 3234028 3234028 3234028 3234028 3234028 3234028 3234028 3234028 3234028 3234028 3234028 3234028 3234028 3234028 3234028 3234028 3234028 3234028 3234028 3234028 3234028 3234028 3234028 3234028 3234028 3234028 3234028 3234028 3234028 3234028 3234028 3234028 3234028 3234028 3234028 3234028 3234028 3234028 3234028 3234028 3234028 3234028 3234028 3234028 3234028 3234028 3234028 3234028 3234028 3234028 3234028 3234028 3234028 3234028 3234028 3234028 3234028 3234028 3234028 3234028 3234028 3234028 3234028 3234028 3234028 3234028 3234028 3234028 3234028 3234028 3234028 3234028 3234028 3234028 3234028 3234028 3234028 3234028 3234028 3234028 3234028 3234028 3234028 3234028 3234028 3234028 3234028 3234028 3234028 3234028 3234028 3234028 3234028 3234028 3234028 3234028 3234028 3234028 3234028 3234028 3234028 3234028 3234028 3234028 3234028 3234028 3234028 3234028 3234028 3234028 3234028 3234028 3234028 3234028 3234028 3234028 3234028 3234028 3234028 3234028 3234028 3234028 3234028 3234028 3234028
Case #42: 1522
4 4 4 4 4 4 4 4 4 4 4 4 4 4 4 4 4 4 4 4 4 4 4 4 4 4 4 4 4 4 4 4 4 4 4 4 4 4 4 4 4 4 4 4 4 4 4 4 4 4 4 4 4 4 4 4 4 4 4 4 4 4 4 4 4 4 4 4 4 4 4 4 4 4 4 4 4 4 4 4 4 4 4 4 4 4 4 4 4 4 4 4 4 4 4 4 4 4 4 4 4 4 4 4 4 4 4 4 4 4 4 4 4 4 4 4 4 4 4 4 4 4 4 4 4 4 4 4 4 4 4 4 4 4 4 4 4 4 4 4 4 4 4 4 4 4 4 4 4 4 4 4 4 4 4 4 4 4 4 4 4 4 4 4 4 4 4 4 4 4 4 4 4 4 4 4 4 4 4 4 4 4 4 4 4 4 4 4 4 4 4 4 4 4 4 4 4 4 4 4 4 4 4 4 4 4 4 4 4 4 4 4 4 4 4 4 4 4 4 4 4 4 4 4 4 4 4 4 4 4 4 4 4 4 4 4 4 4 4 4 4 4 4 4 4 4 4 4 4 4 4 4 4 4 4 4 4 4 4 4 4 4 4 4 4 4 4 4 4 4 4 4 4 4 4 4 4 4 4 4 4 4 4 4 4 4 4 4 4 4 4 4 4 4 4 4 4 4 4 4 4 4 4 4 4 4 4 4 4 4 4 4 4 4 4 4 4 4 4 4 4 4 4 4 4 4 4 4 4 4 4 4 4 4 4 4 4 4 4 4 4 4 4 4 4 4 4 4 4 4 4 4 4 4 4 4 4 4 4 4 4 3 3 3 3 3 3 3 3 3 3 3 3 3 3 3 3 3 3 3 3 3 3 3 3 3 3
Case #43: 8463
24 24 24 24 24 24 24 24 24 24 24 24 24 24 24 24 24 24 24 24 24 24 24 24 24 24 24 24 24 24 24 24 24 24 24 24 24 24 24 24 24 24 24 24 24 24 24 24 24 24 24 24 24 24 24 24 24 24 24 24 24 24 24 24 24 24 24 24 24 24 24 24 24 24 24 24 24 24 24 24 24 24 24 24 24 24 24 24 24 24 24 24 24 24 24 24 24 24 24 24 24 24 24 24 24 24 24 24 24 24 24 24 24 24 24 24 24 24 24 24 24 24 24 24 24 24 24 24 24 24 24 24 24 24 24 24 24 24 24 24 24 24 24 24 24 24 24 24 24 24 24 24 24 24 24 24 24 24 24 24 24 24 24 24 24 24 24 24 24 24 24 24 24 24 24 24 24 24 24 24 24 24 24 24 24 24 24 24 24 24 24 24 24 24 24 24 24 24 24 24 24 24 24 24 24 24 24 24 24 24 24 24 24 24 24 24 24 24 24 24 24 24 24 24 24 24 24 24 24 24 24 24 24 24 24 24 24 24 24 24 24 24 24 24 24 24 24 24 24 24 24 24 24 24 24 24 24 24 24 24 24 24 24 24 24 24 24 24 24 24 24 24 24 24 24 24 24 24 24 24 24 24 24 24 24 24 24 24 24 24 24 24 24 24 24 24 24 24 24 24 24 24 24 24 24 24 24 24 24 24 24 24 24 24 24 24 24 24 24 24 24 23 23 23 23 23 23 23 23 23 23 23 23 23 23 23 23 23 23 23 23 23 23 23 23 23 23 23 23 23 23 23 23 23
Case #44: 16213761
337786 337786 337786 337786 337786 337786 337786 337786 337786 337786 337786 337786 337786 337786 337786 337786 337786 337786 337786 337786 337786 337786 337786 337786 337786 337786 337786 337786 337786 337786 337786 337786 337786 337786 337786 337786 337786 337786 337786 337786 337786 337786 337786 337786 337786 337786 337786 337786 11 11 11
Case #45: 6
1 1 1 1 1 1 0 0 0 0 0 0 0 0 0 0 0 0 0 0 0 0 0 0 0 0 0 0 0 0 0 0 0 0 0 0 0 0 0 0 0 0 0 0 0 0 0 0 0 0 0 0 0 0 0 0 0 0 0 0 0 0 0 0 0 0 0 0 0 0 0 0 0 0 0 0 0 0 0 0 0 0 0 0 0 0 0 0 0 0 0 0 0 0 0 0 0 0 0 0 0 0 0 0 0 0 0 0 0 0 0 0 0 0 0 0 0 0 0 0 0 0 0 0 0 0 0 0 0 0 0 0 0 0 0 0 0 0 0 0 0 0 0 0 0 0 0 0 0 0 0 0 0 0 0 0 0 0 0 0 0 0 0 0 0 0 0 0 0 0 0 0 0 0 0 0 0 0 0 0 0 0 0 0 0 0 0 0 0 0 0 0 0 0 0 0 0 0 0 0 0 0 0 0 0 0 0 0 0 0 0 0 0 0 0 0 0 0 0 0 0 0 0 0 0 0 0 0 0 0 0 0 0 0 0 0 0 0 0 0 0 0 0 0 0 0 0 0 0 0 0 0 0 0 0 0 0 0 0 0 0 0 0 0 0 0 0 0 0 0 0 0 0 0 0 0 0 0 0 0 0 0 0 0 0 0 0 0 0 0 0 0 0 0 0 0 0 0 0 0 0 0 0 0 0 0 0 0 0 0 0 0 0 0 0 0 0 0 0 0 0 0 0 0 0 0 0 0 0 0 0 0 0 0 0 0 0 0 0 0 0 0 0 0 0 0 0 0 0 0 0 0 0 0 0 0 0 0 0 0 0 0 0 0 0 0 0 0 0 0 0 0 0 0 0 0 0 0 0 0 0 0 0 0 0 0 0 0 0 0 0 0 0 0 0 0 0 0 0 0 0 0 0 0 0 0 0 0 0 0 0 0 0 0 0 0 0 0 0 0 0 0 0 0 0 0 0 0 0 0 0 0 0 0 0 0 0 0 0 0 0 0 0 0 0 0 0 0 0 0 0 0 0 0 0 0 0 0 0 0 0 0 0 0 0 0 0 0 0 0 0 0 0 0 0 0 0 0 0 0 0 0 0 0 0 0 0 0 0 0 0 0 0 0 0 0 0 0 0 0 0 0 0 0 0 0 0 0 0 0 0 0 0 0 0 0 0 0 0 0 0 0 0 0 0 0 0 0 0 0 0 0 0 0 0 0 0 0 0 0 0 0 0 0 0 0 0 0 0 0 0 0 0 0 0 0 0 0 0 0 0 0 0 0 0 0 0 0 0 0 0 0 0 0 0 0 0 0 0 0 0 0 0 0 0 0 0 0 0 0 0 0 0 0 0 0 0 0 0 0 0 0 0 0 0 0 0 0 0 0 0 0 0 0 0 0 0 0 0 0 0 0 0 0 0 0 0 0 0 0 0 0 0 0 0 0 0 0 0 0 0 0 0 0 0 0 0 0 0 0 0 0 0 0 0 0 0 0 0 0 0 0 0 0 0 0 0 0 0 0 0 0 0 0 0 0 0 0 0 0 0 0 0 0 0 0 0 0 0 0 0 0 0 0 0 0 0 0 0 0 0 0 0 0 0 0 0 0 0 0 0 0 0 0 0 0 0 0 0 0 0 0 0 0 0 0 0 0 0 0 0 0 0 0 0 0 0 0 0 0 0 0 0 0 0 0 0 0 0 0 0 0 0 0 0 0 0 0 0 0 0 0 0 0 0 0 0 0 0 0 0 0 0 0 0 0 0 0 0 0 0 0 0 0 0 0 0 0 0 0 0 0 0 0 0 0 0 0 0 0 0 0 0 0 0 0 0 0 0 0 0 0 0 0 0 0 0 0 0 0 0 0 0 0 0 0 0 0 0 0 0 0 0 0 0 0 0 0 0 0 0 0 0 0 0 0 0 0 0 0 0 0 0 0 0 0 0 0 0 0 0 0 0 0 0 0 0 0 0 0 0 0 0 0 0 0 0 0 0 0 0 0 0 0 0 0 0 0 0 0 0 0 0 0 0 0 0 0 0 0 0 0 0 0 0 0 0 0 0 0 0 0 0 0 0 0 0 0 0 0 0 0 0 0 0 0 0 0 0 0 0 0 0 0 0 0 0 0 0 0 0 0 0 0 0 0 0 0 0 0 0 0 0 0 0 0 0 0 0 0 0 0 0 0 0 0 0 0 0 0 0 0 0 0 0 0 0 0 0 0 0 0 0 0 0 0 0 0 0 0 0 0 0 0 0 0 0 0 0 0
Case #46: 6
1 1 1 1 1 1 0 0 0 0 0 0 0 0 0 0 0 0 0 0 0 0 0 0 0 0 0 0 0 0 0 0 0 0 0 0 0 0 0 0 0 0 0 0 0 0 0 0 0 0 0 0 0 0 0 0 0 0 0 0 0 0 0 0 0 0 0 0 0 0 0 0 0 0 0 0 0 0 0 0 0 0 0 0 0 0 0 0 0 0 0 0 0 0 0 0 0 0 0 0 0 0 0 0 0 0 0 0 0 0 0 0 0 0 0 0 0 0 0 0 0 0 0 0 0 0 0 0 0 0 0 0 0
Case #47: 36023
81 81 81 81 81 81 81 81 81 81 81 81 81 81 81 81 81 81 81 81 81 81 81 81 81 81 81 81 81 81 81 81 81 81 81 81 81 81 81 81 81 81 81 81 81 81 81 81 81 81 81 81 81 81 81 81 81 81 81 81 81 81 81 81 81 81 81 81 81 81 81 81 81 81 81 81 81 81 81 81 81 81 81 81 81 81 81 81 81 81 81 81 81 81 81 81 81 81 81 81 81 81 81 81 81 81 81 81 81 81 81 81 81 81 81 81 81 81 81 81 81 81 81 81 81 81 81 81 81 81 81 81 81 81 81 81 81 81 81 81 81 81 81 81 81 81 81 81 81 81 81 81 81 81 81 81 81 81 81 81 81 81 81 81 81 81 81 81 81 81 81 81 81 81 81 81 81 81 81 81 81 81 81 81 81 81 81 81 81 81 81 81 81 81 81 81 81 81 81 81 81 81 81 81 81 81 81 81 81 81 81 81 81 81 81 81 81 81 81 81 81 81 81 81 81 81 81 81 81 81 81 81 81 81 81 81 81 81 81 81 81 81 81 81 81 81 81 81 81 81 81 81 81 81 81 81 81 81 81 81 81 81 81 80 80 80 80 80 80 80 80 80 80 80 80 80 80 80 80 80 80 80 80 80 80 80 80 80 80 80 80 80 80 80 80 80 80 80 80 80 80 80 80 80 80 80 80 80 80 80 80 80 80 80 80 80 80 80 80 80 80 80 80 80 80 80 80 80 80 80 80 80 80 80 80 80 80 80 80 80 80 80 80 80 80 80 80 80 80 80 80 80 80 80 80 80 80 80 80 80 80 80 80 80 80 80 80 80 80 80 80 80 80 80 80 80 80 80 80 80 80 80 80 80 80 80 80 80 80 80 80 80 80 80 80 80 80 80 80 80 80 80 80 80 80 80 80 80 80 80 80 80 80 80 80 80 80 80 80 80 80 80 80 80 80 80 80 80 80 80 80 80 80 80 80 80 80 80 80 80 80 80 80 80 80 80 80
Case #48: 8
4 4 0
Case #49: 3
1 1 1 0 0 0 0 0 0 0 0 0 0 0 0 0 0 0 0 0 0 0 0 0 0 0 0 0 0 0 0 0
Case #50: 37
6 6 6 5 5 5 4
Case #51: 418431
1433 1433 1433 1433 1433 1433 1433 1433 1433 1433 1433 1433 1433 1433 1433 1433 1433 1433 1433 1433 1433 1433 1433 1433 1433 1433 1433 1433 1433 1433 1433 1433 1433 1433 1433 1433 1433 1433 1433 1433 1433 1433 1433 1433 1433 1433 1433 1433 1433 1433 1433 1433 1433 1433 1433 1433 1433 1433 1433 1433 1433 1433 1433 1433 1433 1433 1433 1433 1433 1433 1433 1433 1433 1433 1433 1433 1433 1433 1433 1433 1433 1433 1433 1433 1433 1433 1433 1433 1433 1433 1433 1433 1433 1433 1433 1433 1433 1433 1433 1433 1433 1433 1433 1433 1433 1433 1433 1433 1433 1433 1433 1433 1433 1433 1433 1433 1433 1433 1433 1433 1433 1433 1433 1433 1433 1433 1433 1433 1433 1433 1433 1433 1433 1433 1433 1433 1433 1433 1433 1433 1433 1433 1433 1433 1433 1433 1433 1433 1433 1433 1433 1433 1433 1433 1433 1433 1433 1433 1433 1433 1433 1433 1433 1433 1433 1433 1433 1433 1433 1433 1433 1433 1433 1433 1433 1433 1433 1433 1433 1433 1433 1433 1433 1433 1433 1433 1433 1433 1433 1433 1433 1433 1433 1433 1433 1433 1433 1433 1433 1433 1433 1433 1433 1433 1433 1433 1433 1433 1433 1433 1433 1433 1433 1433 1433 1433 1433 1433 1433 1433 1433 1433 1433 1433 1433 1433 1433 1433 1433 1433 1433 1433 1433 1433 1433 1433 1433 1433 1433 1433 1433 1433 1433 1433 1433 1433 1433 1433 1433 1433 1433 1433 1433 1433 1433 1433 1433 1433 1433 1433 1433 1433 1433 1433 1433 1433 1433 1433 1433 1433 1433 1433 1433 1433 1433 1433 1433 1433 1433 1433 1433 1433 1433 1433 1433 1433 1433 1433 1433 1432 1432 1430
Case #52: 2
2 0 0 0 0 0 0 0 0 0 0 0 0 0 0 0 0 0 0 0 0 0 0 0 0 0 0 0 0 0 0 0 0 0 0 0 0 0 0 0 0 0 0 0 0 0 0 0 0 0 0 0 0 0 0 0 0 0 0 0 0 0 0 0 0 0 0 0 0 0 0 0 0 0 0 0 0 0 0 0 0 0 0 0 0 0 0 0 0 0 0 0 0 0 0 0 0 0 0 0 0 0 0 0 0 0 0 0 0 0 0 0 0 0 0 0 0 0 0 0 0 0 0 0 0 0 0 0 0 0 0 0 0 0 0 0 0 0 0 0 0 0 0 0 0 0 0 0 0 0 0 0 0 0 0 0 0 0 0 0 0 0 0 0 0 0 0 0
Case #53: 273197
642 642 642 642 642 642 642 642 642 642 642 642 642 642 642 642 642 642 642 642 642 642 642 642 642 642 642 642 642 642 642 642 642 642 642 642 642 642 642 642 642 642 642 642 642 642 642 642 642 642 642 642 642 642 642 642 642 642 642 642 642 642 642 642 642 642 642 642 642 642 642 642 642 642 642 642 642 642 642 642 642 642 642 642 642 642 642 642 642 642 642 642 642 642 642 642 642 642 642 642 642 642 642 642 642 642 642 642 642 642 642 642 642 642 642 642 642 642 642 642 642 642 642 642 642 642 642 642 642 642 642 641 641 641 641 641 641 641 641 641 641 641 641 641 641 641 641 641 641 641 641 641 641 641 641 641 641 641 641 641 641 641 641 641 641 641 641 641 641 641 641 641 641 641 641 641 641 641 641 641 641 641 641 641 641 641 641 641 641 641 641 641 641 641 641 641 641 641 641 641 641 641 641 641 641 641 641 641 641 641 641 641 641 641 641 641 641 641 641 641 641 641 641 641 641 641 641 641 641 641 641 641 641 641 641 641 641 641 641 641 641 641 641 641 641 641 641 641 641 641 641 641 641 641 641 641 641 641 641 641 641 641 641 641 641 641 641 641 641 641 641 641 641 641 641 641 641 641 641 641 641 641 641 641 641 641 641 641 641 641 641 641 641 641 641 641 641 641 641 641 641 641 641 641 641 641 641 641 641 641 641 641 641 641 641 641 641 641 641 641 641 641 641 641 641 641 641 641 641 641 641 641 641 641 641 641 641 641 641 641 641 641 641 641 641 641 641 641 641 641 641 641 641 641 641 641 641 641 641 641 641 641 641 641 641 641 641 641 641 641 641 641 641 641 641 641 641 641 641 641 641 641 641 641 641 641 641 641 641 641 641 641 641 641 641 641 641 641 641 641 641 641 641 641 641 641 641 641 641 641 641 641 641 641 641 641 641 641 641 641 641 641 641 641 641 641
Case #54: 4
1 1 1 1 0 0 0 0 0 0 0 0 0 0 0 0 0 0 0 0 0 0 0 0 0 0 0 0 0 0 0 0 0 0 0 0 0 0 0 0 0 0 0 0 0 0 0 0 0 0 0 0 0 0 0 0 0 0 0 0 0 0 0 0 0 0 0 0 0 0 0 0 0 0 0 0 0 0 0 0 0 0 0 0 0 0 0 0 0 0 0 0 0 0 0 0 0 0 0 0 0 0 0 0 0 0 0 0 0 0 0 0 0 0 0 0 0 0 0 0 0 0 0 0 0 0 0 0 0 0 0 0 0 0 0 0 0 0 0 0 0 0 0 0 0 0 0 0 0 0 0 0 0 0 0 0 0 0 0 0 0 0 0 0 0 0 0 0 0 0 0 0 0 0 0 0 0 0 0 0 0 0 0 0 0 0 0 0 0 0 0 0 0 0 0 0 0 0 0 0 0 0 0 0 0 0 0 0 0 0 0 0 0 0 0 0 0 0 0 0 0 0 0 0 0 0 0 0 0 0 0 0 0 0 0 0 0 0 0 0 0 0 0 0 0 0 0 0 0 0 0 0 0 0 0 0 0 0 0 0 0 0 0 0 0 0 0 0 0 0 0 0 0 0 0 0 0 0 0 0 0 0 0 0 0 0 0 0 0 0 0 0 0 0 0 0 0 0 0 0 0 0 0 0 0 0 0 0 0 0 0 0 0 0 0 0 0 0 0 0 0 0 0 0 0 0 0 0 0 0 0 0 0 0 0 0 0 0 0 0 0 0 0 0 0 0 0 0 0 0 0 0 0 0 0 0 0 0 0
Case #55: 530571801
1695118 1695118 1695118 1695118 1695118 1695118 1695118 1695118 1695118 1695118 1695118 1695118 1695118 1695118 1695118 1695118 1695118 1695118 1695118 1695118 1695118 1695118 1695118 1695118 1695118 1695118 1695118 1695118 1695118 1695118 1695118 1695118 1695118 1695118 1695118 1695118 1695118 1695118 1695118 1695118 1695118 1695118 1695118 1695118 1695118 1695118 1695118 1695118 1695118 1695118 1695118 1695118 1695118 1695118 1695118 1695118 1695118 1695118 1695118 1695118 1695118 1695118 1695118 1695118 1695118 1695118 1695118 1695118 1695118 1695118 1695118 1695118 1695118 1695118 1695118 1695118 1695118 1695118 1695118 1695118 1695118 1695118 1695118 1695118 1695118 1695118 1695118 1695118 1695118 1695118 1695118 1695118 1695118 1695118 1695118 1695118 1695118 1695118 1695118 1695118 1695118 1695118 1695118 1695118 1695118 1695118 1695118 1695118 1695118 1695118 1695118 1695118 1695118 1695118 1695118 1695118 1695118 1695118 1695118 1695118 1695118 1695118 1695118 1695118 1695118 1695118 1695118 1695118 1695118 1695118 1695118 1695118 1695118 1695118 1695118 1695118 1695118 1695118 1695118 1695118 1695118 1695118 1695118 1695118 1695118 1695118 1695118 1695118 1695118 1695118 1695118 1695118 1695118 1695118 1695118 1695118 1695118 1695118 1695118 1695118 1695118 1695118 1695118 1695118 1695118 1695118 1695118 1695118 1695118 1695118 1695118 1695118 1695118 1695118 1695118 1695118 1695118 1695118 1695118 1695118 1695118 1695118 1695118 1695118 1695118 1695118 1695118 1695118 1695118 1695118 1695118 1695118 1695118 1695118 1695118 1695118 1695118 1695118 1695118 1695118 1695118 1695118 1695118 1695118 1695118 1695118 1695118 1695118 1695118 1695118 1695118 1695118 1695118 1695118 1695118 1695118 1695118 1695118 1695118 1695118 1695118 1695118 1695118 1695118 1695118 1695118 1695118 1695118 1695118 1695118 1695118 1695118 1695118 1695118 1695118 1695118 1695118 1695118 1695118 1695118 1695118 1695118 1695118 1695118 1695118 1695118 1695118 1695118 1695118 1695118 1695118 1695118 1695118 1695118 1695118 1695118 1695118 1695118 1695118 1695118 1695118 1695118 1695118 1695118 1695118 1695118 1695118 1695118 1695118 1695118 1695118 1695118 1695118 1695118 1695118 1695118 1695118 1695118 1695118 1695118 1695118 1695118 1695118 1695118 1695118 1695118 1695118 1695118 1695118 1695118 1695118 1695118 1695118 1695118 1695118 1695118 1695118 1695118 1695118 1695118 1695118 1695118 1695118 1695118 1695118 1695118 1695118 1695118 1695118 1695118 1695118 1695118 1694985
Case #56: 19
1 1 1 1 1 1 1 1 1 1 1 1 1 1 1 1 1 1 1 0 0 0 0 0 0 0 0 0 0 0 0 0 0 0 0 0 0 0 0 0 0 0 0 0 0 0 0 0 0 0 0 0 0 0 0 0 0 0 0 0 0 0 0 0 0 0 0 0 0 0 0 0 0 0 0 0 0 0 0 0 0 0 0 0 0 0 0 0 0 0 0 0 0 0 0 0 0 0 0 0 0 0 0 0 0 0 0 0 0 0 0 0 0 0 0 0 0 0 0 0 0 0 0 0 0 0 0 0 0 0 0 0 0 0 0 0 0 0 0 0 0 0 0 0 0 0 0 0 0 0 0 0 0
Case #57: 1170383372
5295853 5295853 5295853 5295853 5295853 5295853 5295853 5295853 5295853 5295853 5295853 5295853 5295853 5295853 5295853 5295853 5295853 5295853 5295853 5295853 5295853 5295853 5295853 5295853 5295853 5295853 5295853 5295853 5295853 5295853 5295853 5295853 5295853 5295853 5295853 5295853 5295853 5295853 5295853 5295853 5295853 5295853 5295853 5295853 5295853 5295853 5295853 5295853 5295853 5295853 5295853 5295853 5295853 5295853 5295853 5295853 5295853 5295853 5295853 5295853 5295853 5295853 5295853 5295853 5295853 5295853 5295853 5295853 5295853 5295853 5295853 5295853 5295853 5295853 5295853 5295853 5295853 5295853 5295853 5295853 5295852 5295852 5295852 5295852 5295852 5295852 5295852 5295852 5295852 5295852 5295852 5295852 5295852 5295852 5295852 5295852 5295852 5295852 5295852 5295852 5295852 5295852 5295852 5295852 5295852 5295852 5295852 5295852 5295852 5295852 5295852 5295852 5295852 5295852 5295852 5295852 5295852 5295852 5295852 5295852 5295852 5295852 5295852 5295852 5295852 5295852 5295852 5295852 5295852 5295852 5295852 5295852 5295852 5295852 5295852 5295852 5295852 5295852 5295852 5295852 5295852 5295852 5295852 5295852 5295852 5295852 5295852 5295852 5295852 5295852 5295852 5295852 5295852 5295852 5295852 5295852 5295852 5295852 5295852 5295852 5295852 5295852 5295852 5295852 5295852 5295852 5295852 5295852 5295852 5295852 5295852 5295852 5295852 5295852 5295852 5295852 5295852 5295852 5295852 5295852 5295852 5295852 5295852 5295852 5295852 5295852 5295852 5295852 5295852 5295852 5295852 5295852 5295852 5295852 5295852 5295852 5295852 5295852 5295852 5295852 5295852 5295852 5295852 5295852 5295852 5295852 5295852 5295852 5295852 5295852 5295852 5295852 5295852 5295852 5295852 5295852 5295852 5295852 5295852 5295852 5295852
Case #58: 1572223818
7980831 7980831 7980831 7980831 7980831 7980831 7980831 7980831 7980831 7980831 7980831 7980831 7980831 7980831 7980831 7980831 7980831 7980831 7980831 7980831 7980831 7980831 7980831 7980831 7980831 7980831 7980831 7980831 7980831 7980831 7980831 7980831 7980831 7980831 7980831 7980831 7980831 7980831 7980831 7980831 7980831 7980831 7980831 7980831 7980831 7980831 7980831 7980831 7980831 7980831 7980831 7980831 7980831 7980831 7980831 7980831 7980831 7980831 7980831 7980831 7980831 7980831 7980831 7980831 7980831 7980831 7980831 7980831 7980831 7980831 7980831 7980831 7980831 7980831 7980831 7980831 7980831 7980831 7980831 7980831 7980831 7980831 7980831 7980831 7980831 7980831 7980831 7980831 7980831 7980831 7980831 7980831 7980831 7980831 7980831 7980831 7980831 7980831 7980831 7980831 7980831 7980831 7980831 7980831 7980831 7980831 7980831 7980831 7980831 7980831 7980831 7980831 7980831 7980831 7980831 7980831 7980831 7980831 7980831 7980831 7980831 7980831 7980831 7980831 7980831 7980831 7980831 7980831 7980831 7980831 7980831 7980831 7980831 7980831 7980831 7980831 7980831 7980831 7980831 7980831 7980831 7980831 7980831 7980831 7980831 7980831 7980831 7980831 7980831 7980831 7980831 7980831 7980831 7980831 7980831 7980831 7980831 7980831 7980831 7980831 7980831 7980831 7980831 7980831 7980831 7980831 7980831 7980831 7980831 7980831 7980831 7980831 7980831 7980831 7980831 7980831 7980831 7980831 7980831 7980831 7980831 7980831 7980831 7980831 7980831 7980831 7980831 7980831 7980831 7980831 7980831 7980831 7980831 7980831 7980831 7980831 7980831 111
Case #59: 19639
179 179 179 179 179 179 179 179 179 179 179 179 179 179 179 179 179 179 179 179 179 179 179 179 179 179 179 179 179 179 179 179 179 179 179 179 179 179 179 179 179 179 179 179 179 179 179 179 179 179 179 179 179 179 179 179 179 179 179 178 178 178 178 178 178 178 178 178 178 178 178 178 178 178 178 178 178 178 178 178 178 178 178 178 178 178 178 178 178 178 178 178 178 178 178 178 178 178 178 178 178 178 178 178 178 178 178 178 178 178
Case #60: 107
11 11 11 11 11 11 11 11 11 8 0
Case #61: 8
1 1 1 1 1 1 1 1 0 0 0 0 0 0 0 0 0 0 0 0 0 0 0 0 0 0 0 0 0 0 0 0 0 0 0 0 0 0 0 0 0 0 0 0 0 0 0 0 0 0 0 0 0 0 0 0 0 0 0 0 0 0 0 0 0 0 0 0 0 0 0 0 0 0 0 0 0 0 0 0 0 0 0 0 0 0 0 0 0 0 0 0 0 0 0 0 0 0 0 0 0 0 0 0 0 0 0 0 0 0 0 0 0 0 0 0 0 0 0 0 0 0 0 0 0 0 0 0 0 0 0 0 0 0 0 0 0 0 0 0 0 0 0 0 0 0 0 0 0 0 0 0 0 0 0 0 0 0 0 0 0 0 0 0 0 0 0 0 0 0 0 0 0 0 0 0 0 0 0 0 0 0 0 0 0 0 0 0 0 0 0
Case #62: 15657
39 39 39 39 39 39 39 39 39 39 39 39 39 39 39 39 39 39 39 39 39 39 39 39 39 39 39 39 39 39 39 39 39 39 39 39 39 39 39 39 39 39 39 39 39 39 39 39 39 39 39 39 39 39 39 39 39 39 39 39 39 39 39 39 39 39 39 39 39 39 39 39 39 39 39 39 39 39 39 39 39 39 39 39 39 39 39 39 39 39 39 39 39 39 39 39 39 39 39 39 39 39 39 39 39 39 39 39 39 39 39 39 39 39 39 39 39 39 39 39 39 39 39 39 39 39 39 39 39 39 39 39 39 39 39 39 39 39 39 39 39 39 39 39 39 39 39 39 39 39 39 39 39 39 39 39 39 39 39 39 39 39 39 39 39 39 39 39 39 39 39 39 39 39 39 39 39 39 39 39 39 39 39 39 39 39 39 39 39 39 39 39 38 38 38 38 38 38 38 38 38 38 38 38 38 38 38 38 38 38 38 38 38 38 38 38 38 38 38 38 38 38 38 38 38 38 38 38 38 38 38 38 38 38 38 38 38 38 38 38 38 38 38 38 38 38 38 38 38 38 38 38 38 38 38 38 38 38 38 38 38 38 38 38 38 38 38 38 38 38 38 38 38 38 38 38 38 38 38 38 38 38 38 38 38 38 38 38 38 38 38 38 38 38 38 38 38 38 38 38 38 38 38 38 38 38 38 38 38 38 38 38 38 38 38 38 38 38 38 38 38 38 38 38 38 38 38 38 38 38 38 38 38 38 38 38 38 38 38 38 38 38 38 38 38 38 38 38 38 38 38 38 38 38 38 38 38 38 38 38 38 38 38 38 38 38 38 38 38 38 38 38 38 38 38 38 38 38 38 38 38 38 38 38 38 38 38 38 38 38 38 38 38 38 38 38 38 38 38 38 38 38 38 38 38 38 37
Case #63: 9999141
10000 10000 10000 10000 10000 10000 10000 10000 10000 10000 10000 10000 10000 10000 10000 10000 10000 10000 10000 10000 10000 10000 10000 10000 10000 10000 10000 10000 10000 10000 10000 10000 10000 10000 10000 10000 10000 10000 10000 10000 10000 10000 10000 10000 10000 10000 10000 10000 10000 10000 10000 10000 10000 10000 10000 10000 10000 10000 10000 10000 10000 10000 10000 10000 10000 10000 10000 10000 10000 10000 10000 10000 10000 10000 10000 10000 10000 10000 10000 10000 10000 10000 10000 10000 10000 10000 10000 10000 10000 10000 10000 10000 10000 10000 10000 10000 10000 10000 10000 10000 10000 10000 10000 10000 10000 10000 10000 10000 10000 10000 10000 10000 10000 10000 10000 10000 10000 10000 10000 10000 10000 10000 10000 10000 10000 10000 10000 10000 10000 10000 10000 10000 10000 10000 10000 10000 10000 10000 10000 10000 10000 9999 9999 9999 9999 9999 9999 9999 9999 9999 9999 9999 9999 9999 9999 9999 9999 9999 9999 9999 9999 9999 9999 9999 9999 9999 9999 9999 9999 9999 9999 9999 9999 9999 9999 9999 9999 9999 9999 9999 9999 9999 9999 9999 9999 9999 9999 9999 9999 9999 9999 9999 9999 9999 9999 9999 9999 9999 9999 9999 9999 9999 9999 9999 9999 9999 9999 9999 9999 9999 9999 9999 9999 9999 9999 9999 9999 9999 9999 9999 9999 9999 9999 9999 9999 9999 9999 9999 9999 9999 9999 9999 9999 9999 9999 9999 9999 9999 9999 9999 9999 9999 9999 9999 9999 9999 9999 9999 9999 9999 9999 9999 9999 9999 9999 9999 9999 9999 9999 9999 9999 9999 9999 9999 9999 9999 9999 9999 9999 9999 9999 9999 9999 9999 9999 9999 9999 9999 9999 9999 9999 9999 9999 9999 9999 9999 9999 9999 9999 9999 9999 9999 9999 9999 9999 9999 9999 9999 9999 9999 9999 9999 9999 9999 9999 9999 9999 9999 9999 9999 9999 9999 9999 9999 9999 9999 9999 9999 9999 9999 9999 9999 9999 9999 9999 9999 9999 9999 9999 9999 9999 9999 9999 9999 9999 9999 9999 9999 9999 9999 9999 9999 9999 9999 9999 9999 9999 9999 9999 9999 9999 9999 9999 9999 9999 9999 9999 9999 9999 9999 9999 9999 9999 9999 9999 9999 9999 9999 9999 9999 9999 9999 9999 9999 9999 9999 9999 9999 9999 9999 9999 9999 9999 9999 9999 9999 9999 9999 9999 9999 9999 9999 9999 9999 9999 9999 9999 9999 9999 9999 9999 9999 9999 9999 9999 9999 9999 9999 9999 9999 9999 9999 9999 9999 9999 9999 9999 9999 9999 9999 9999 9999 9999 9999 9999 9999 9999 9999 9999 9999 9999 9999 9999 9999 9999 9999 9999 9999 9999 9999 9999 9999 9999 9999 9999 9999 9999 9999 9999 9999 9999 9999 9999 9999 9999 9999 9999 9999 9999 9999 9999 9999 9999 9999 9999 9999 9999 9999 9999 9999 9999 9999 9999 9999 9999 9999 9999 9999 9999 9999 9999 9999 9999 9999 9999 9999 9999 9999 9999 9999 9999 9999 9999 9999 9999 9999 9999 9999 9999 9999 9999 9999 9999 9999 9999 9999 9999 9999 9999 9999 9999 9999 9999 9999 9999 9999 9999 9999 9999 9999 9999 9999 9999 9999 9999 9999 9999 9999 9999 9999 9999 9999 9999 9999 9999 9999 9999 9999 9999 9999 9999 9999 9999 9999 9999 9999 9999 9999 9999 9999 9999 9999 9999 9999 9999 9999 9999 9999 9999 9999 9999 9999 9999 9999 9999 9999 9999 9999 9999 9999 9999 9999 9999 9999 9999 9999 9999 9999 9999 9999 9999 9999 9999 9999 9999 9999 9999 9999 9999 9999 9999 9999 9999 9999 9999 9999 9999 9999 9999 9999 9999 9999 9999 9999 9999 9999 9999 9999 9999 9999 9999 9999 9999 9999 9999 9999 9999 9999 9999 9999 9999 9999 9999 9999 9999 9999 9999 9999 9999 9999 9999 9999 9999 9999 9999 9999 9999 9999 9999 9999 9999 9999 9999 9999 9999 9999 9999 9999 9999 9999 9999 9999 9999 9999 9999 9999 9999 9999 9999 9999 9999 9999 9999 9999 9999 9999 9999 9999 9999 9999 9999 9999 9999 9999 9999 9999 9999 9999 9999 9999 9999 9999 9999 9999 9999 9999 9999 9999 9999 9999 9999 9999 9999 9999 9999 9999 9999 9999 9999 9999 9999 9999 9999 9999 9999 9999 9999 9999 9999 9999 9999 9999 9999 9999 9999 9999 9999 9999 9999 9999 9999 9999 9999 9999 9999 9999 9999 9999 9999 9999 9999 9999 9999 9999 9999 9999 9999 9999 9999 9999 9999 9999 9999 9999 9999 9999 9999 9999 9999 9999 9999 9999 9999 9999 9999 9999 9999 9999 9999 9999 9999 9999 9999 9999 9999 9999 9999 9999 9999 9999 9999 9999 9999 9999 9999 9999 9999 9999 9999 9999 9999 9999 9999 9999 9999 9999 9999 9999 9999 9999 9999 9999 9999 9999 9999 9999 9999 9999 9999 9999 9999 9999 9999 9999 9999 9999 9999 9999 9999 9999 9999 9999 9999 9999 9999 9999 9999 9999 9999 9999 9999 9999 9999 9999 9999 9999 9999 9999 9999 9999 9999 9999 9999 9999 9999 9999 9999 9999 9999 9999 9999 9999 9999 9999 9999 9999 9999 9999 9999 9999 9999 9999 9999 9999 9999 9999 9999 9999 9999 9999 9999 9999 9999 9999 9999 9999 9999 9999 9999 9999 9999 9999 9999 9999 9999 9999 9999 9999 9999 9999 9999 9999 9999 9999 9999 9999 9999 9999 9999 9999 9999 9999 9999 9999 9999 9999 9999 9999 9999 9999 9999 9999 9999 9999 9999 9999 9999 9999 9999 9999 9999 9999 9999 9999 9999 9999 9999 9999 9999 9999 9999 9999 9999 9999 9999 9999 9999 9999 9999 9999 9999 9999 9999 9999 9999 9999 9999 9999 9999 9999 9999 9999 9999 9999 9999 9999 9999 9999 9999 9999 9999 9999 9999 9999 9999 9999 9999 9999 9999 9999 9999 9999 9999 9999 9999 9999 9999 9999 9999 9999 9999 9999 9999 9999 9999 9999 9999 9999 9999 9999 9999 9999 9999 9999 9999 9999 9999 9999 9999 9999 9999 9999 9999 9999 9999 9999 9999 9999 9999 9999
Case #64: 54263
2467 2467 2467 2467 2467 2467 2467 2467 2467 2467 2467 2466 2466 2466 2466 2466 2466 2466 2466 2466 2466 2466 0
Case #65: 9
1 1 1 1 1 1 1 1 1 0 0 0 0 0 0 0 0 0 0 0 0 0 0 0 0 0 0 0 0 0 0 0 0 0 0 0 0 0 0 0 0 0 0 0
Case #66: 8224
21 21 21 21 21 21 21 21 21 21 21 21 21 21 21 21 21 21 21 21 21 21 21 21 21 21 21 21 21 21 21 21 21 21 21 21 21 21 21 21 21 21 21 21 21 21 21 21 21 21 21 21 21 21 21 21 21 21 21 21 21 21 21 21 21 21 21 21 21 21 21 21 21 21 21 21 21 21 21 21 21 21 21 21 21 21 21 21 21 21 21 21 21 21 21 21 21 21 21 21 21 21 21 21 21 21 21 21 21 21 21 21 21 21 21 21 21 21 21 21 21 21 21 21 21 21 21 21 21 21 21 21 21 21 21 21 21 21 21 21 21 21 21 21 21 21 21 21 21 21 21 21 21 21 21 21 21 21 21 21 21 21 21 21 21 21 21 21 21 21 21 21 21 21 21 21 21 21 21 21 21 21 21 21 21 21 21 21 21 21 21 21 21 21 21 21 21 21 21 21 21 21 21 21 21 21 21 21 21 21 21 21 21 21 21 21 21 21 21 21 21 21 21 21 21 21 21 21 21 21 21 21 21 21 21 21 21 21 21 21 21 21 21 21 21 21 21 21 21 21 21 21 21 21 21 21 21 21 21 21 21 21 21 21 21 21 21 21 21 21 21 21 21 21 21 21 21 21 21 21 21 21 21 21 21 21 21 21 21 21 21 21 21 21 21 21 21 21 21 21 21 21 21 21 21 21 21 21 21 21 21 21 21 21 21 21 21 21 21 21 21 21 21 21 21 21 21 21 21 21 21 21 21 21 21 21 21 21 21 21 21 21 21 21 21 21 21 21 21 21 21 21 21 21 21 21 21 21 21 21 21 21 21 21 21 21 21 21 21 21 21 21 21 21 21 21 21 21 21 21 21 21 21 21 21 21 21 21 21 19 18 18
Case #67: 3710913
3745 3745 3745 3745 3745 3745 3745 3745 3745 3745 3745 3745 3745 3745 3745 3745 3745 3745 3745 3745 3745 3745 3745 3745 3745 3745 3745 3745 3745 3745 3745 3745 3745 3745 3745 3745 3745 3745 3745 3745 3745 3745 3745 3745 3745 3745 3745 3745 3745 3745 3745 3745 3745 3745 3745 3745 3745 3745 3745 3745 3745 3745 3745 3745 3745 3745 3745 3745 3745 3745 3745 3745 3745 3745 3745 3745 3745 3745 3745 3745 3745 3745 3745 3745 3745 3745 3745 3745 3745 3745 3745 3745 3745 3745 3745 3745 3745 3745 3745 3745 3745 3745 3745 3745 3745 3745 3745 3745 3745 3745 3745 3745 3745 3745 3745 3745 3745 3745 3745 3745 3745 3745 3745 3745 3745 3745 3745 3745 3745 3745 3745 3745 3745 3745 3745 3745 3745 3745 3745 3745 3745 3745 3745 3745 3745 3745 3745 3745 3745 3745 3745 3745 3745 3745 3745 3745 3745 3745 3745 3745 3745 3745 3745 3745 3745 3745 3745 3745 3745 3745 3745 3745 3745 3745 3745 3745 3745 3745 3745 3745 3745 3745 3745 3745 3745 3745 3745 3745 3745 3745 3745 3745 3745 3745 3745 3745 3745 3745 3745 3745 3745 3745 3745 3745 3745 3745 3745 3745 3745 3745 3745 3745 3745 3745 3745 3745 3745 3745 3745 3745 3745 3745 3745 3745 3745 3745 3745 3745 3745 3745 3745 3745 3745 3745 3745 3745 3745 3745 3745 3745 3745 3745 3745 3745 3745 3745 3745 3745 3745 3745 3745 3745 3745 3745 3745 3745 3745 3745 3745 3745 3745 3745 3745 3745 3745 3745 3745 3745 3745 3745 3745 3745 3745 3745 3745 3745 3745 3745 3745 3745 3745 3745 3745 3745 3745 3745 3745 3745 3745 3745 3745 3745 3745 3745 3745 3745 3745 3745 3745 3745 3745 3745 3745 3745 3745 3745 3745 3745 3745 3745 3745 3745 3745 3745 3745 3745 3745 3745 3745 3745 3745 3745 3745 3745 3745 3745 3745 3745 3745 3745 3745 3745 3745 3745 3745 3745 3745 3745 3745 3745 3745 3745 3745 3745 3745 3745 3745 3745 3745 3745 3745 3745 3745 3745 3745 3745 3745 3745 3745 3745 3745 3745 3745 3745 3745 3745 3745 3745 3745 3745 3745 3745 3745 3745 3745 3745 3745 3745 3745 3745 3745 3745 3745 3745 3745 3745 3745 3745 3745 3745 3745 3745 3745 3745 3745 3745 3745 3745 3745 3745 3745 3745 3745 3745 3745 3745 3745 3745 3745 3745 3745 3745 3745 3745 3745 3745 3745 3745 3745 3745 3745 3745 3745 3745 3745 3745 3745 3745 3745 3745 3745 3745 3745 3745 3745 3745 3745 3745 3745 3745 3745 3745 3745 3745 3745 3745 3745 3745 3745 3745 3745 3745 3745 3745 3745 3745 3745 3745 3745 3745 3745 3745 3745 3745 3745 3745 3745 3745 3745 3745 3745 3745 3745 3745 3745 3745 3745 3745 3745 3745 3745 3745 3745 3745 3745 3745 3745 3745 3745 3745 3745 3745 3745 3745 3745 3745 3745 3745 3745 3745 3745 3745 3745 3745 3745 3745 3745 3745 3745 3745 3745 3745 3745 3745 3745 3745 3745 3745 3745 3745 3745 3745 3745 3745 3745 3745 3745 3745 3745 3745 3745 3745 3745 3745 3745 3745 3745 3745 3745 3745 3745 3745 3745 3745 3745 3745 3745 3745 3745 3745 3745 3745 3745 3745 3745 3745 3745 3745 3745 3745 3745 3745 3745 3745 3745 3745 3745 3745 3745 3745 3745 3745 3745 3745 3745 3745 3745 3745 3745 3745 3745 3745 3745 3745 3745 3745 3745 3745 3745 3745 3745 3745 3745 3745 3745 3745 3745 3745 3745 3745 3745 3745 3745 3745 3745 3745 3745 3745 3745 3745 3745 3745 3745 3745 3745 3745 3745 3745 3745 3745 3745 3745 3745 3745 3745 3745 3745 3745 3745 3745 3745 3745 3745 3745 3745 3745 3745 3745 3745 3745 3745 3745 3745 3745 3745 3745 3745 3745 3745 3745 3745 3745 3745 3745 3745 3745 3745 3745 3745 3745 3745 3745 3745 3745 3745 3745 3745 3745 3745 3745 3745 3745 3745 3745 3745 3745 3745 3745 3745 3745 3745 3745 3745 3745 3745 3745 3745 3745 3745 3745 3745 3745 3745 3745 3745 3745 3745 3745 3745 3745 3745 3745 3745 3745 3745 3745 3745 3745 3745 3745 3745 3745 3745 3745 3745 3745 3745 3745 3745 3745 3745 3745 3745 3745 3745 3745 3745 3745 3745 3745 3745 3745 3745 3745 3745 3745 3745 3745 3745 3745 3745 3745 3745 3745 3745 3745 3745 3745 3745 3745 3745 3745 3745 3745 3745 3745 3745 3745 3745 3745 3745 3745 3745 3745 3745 3745 3745 3745 3745 3745 3745 3745 3745 3745 3745 3745 3745 3745 3745 3745 3745 3745 3745 3745 3745 3745 3745 3745 3745 3745 3745 3745 3745 3745 3745 3745 3745 3745 3745 3745 3745 3745 3745 3745 3745 3745 3745 3745 3745 3745 3745 3745 3745 3745 3745 3745 3745 3745 3745 3745 3745 3745 3745 3745 3745 3745 3745 3745 3745 3745 3745 3745 3745 3745 3745 3745 3745 3745 3745 3745 3745 3745 3745 3745 3745 3745 3745 3745 3745 3745 3745 3745 3745 3745 3745 3745 3745 3745 3745 3745 3745 3745 3745 3745 3745 3745 3745 3745 3745 3745 3745 3745 3745 3745 3745 3745 3745 3745 3745 3745 3745 3745 3745 3745 3745 3745 3745 3745 3745 3745 3745 3745 3745 3745 3745 3745 3745 3745 3745 3745 3745 3745 3745 3745 3745 3745 3745 3745 3745 3745 3745 3745 3745 3745 3745 3745 3745 3745 3745 3745 3745 3745 3745 3745 3745 3745 3745 3745 3745 3745 3745 3745 3745 3745 3745 3745 3745 3745 3745 3745 3745 3745 3745 3745 3745 3745 3745 3745 3745 3745 3745 3745 3745 3745 3745 3745 3745 3745 3745 3745 3745 3745 3745 3745 3745 3745 3745 3745 3745 3745 3745 3745 3745 3745 3745 3745 3745 3745 3745 3745 3745 3745 3745 3745 3745 3745 3745 3650 3650 3649 3649
Case #68: 26
1 1 1 1 1 1 1 1 1 1 1 1 1 1 1 1 1 1 1 1 1 1 1 1 1 1 0 0 0 0 0 0 0 0 0 0 0 0 0 0 0 0 0 0 0 0 0 0 0 0 0 0 0 0 0 0 0 0 0 0 0 0 0 0 0 0 0 0 0 0 0 0 0 0 0 0 0 0 0 0 0 0 0 0 0 0 0 0 0 0 0 0 0 0 0 0 0 0 0 0 0 0 0 0 0 0 0 0 0 0 0 0 0 0 0 0 0 0 0 0 0 0 0 0 0 0 0 0 0 0 0 0 0 0 0 0 0 0 0 0 0 0 0 0 0 0
Case #69: 24
1 1 1 1 1 1 1 1 1 1 1 1 1 1 1 1 1 1 1 1 1 1 1 1 0 0 0 0 0 0 0 0 0 0 0 0 0 0 0 0 0 0 0 0 0 0 0 0 0 0 0 0 0 0 0 0 0 0 0 0 0 0 0 0 0 0 0 0 0 0 0 0 0 0 0 0 0 0 0 0 0 0 0 0 0 0 0 0 0 0 0 0 0 0 0 0 0 0 0 0 0 0 0 0 0 0 0 0 0 0 0 0 0 0 0 0 0 0 0 0 0 0 0 0 0 0 0 0 0 0 0 0 0 0 0 0 0 0 0 0 0 0 0 0 0 0 0 0 0 0 0 0 0 0 0 0 0 0 0 0 0 0 0 0 0 0 0 0 0 0 0 0 0 0 0 0 0 0 0 0 0 0 0 0 0 0 0 0 0 0 0 0 0 0 0 0 0 0 0 0 0 0 0 0 0 0 0 0 0 0 0 0 0 0 0 0 0 0 0 0 0 0 0 0 0 0 0 0 0 0 0 0 0 0 0 0 0 0 0 0 0 0 0 0 0 0 0 0 0 0 0 0 0 0 0 0 0 0 0 0 0 0 0 0 0 0 0 0 0 0 0 0 0 0 0 0 0 0 0 0 0 0 0 0 0 0 0 0 0 0 0 0 0 0 0 0 0 0 0 0 0 0 0 0 0 0 0 0 0 0 0 0 0 0 0
Case #70: 313669
4613 4613 4613 4613 4613 4613 4613 4613 4613 4613 4613 4613 4613 4613 4613 4613 4613 4613 4613 4613 4613 4613 4613 4613 4613 4613 4613 4613 4613 4613 4613 4613 4613 4613 4613 4613 4613 4613 4613 4613 4613 4613 4613 4613 4613 4613 4613 4613 4613 4613 4613 4613 4613 4613 4613 4613 4613 4613 4613 4613 4613 4613 4613 4613 4610 4609 4609 4609
Case #71: 25
1 1 1 1 1 1 1 1 1 1 1 1 1 1 1 1 1 1 1 1 1 1 1 1 1 0 0 0 0 0 0 0 0 0 0 0 0 0 0 0 0 0 0 0 0 0 0 0 0 0 0 0 0 0 0 0 0 0 0 0 0 0 0 0 0 0 0 0 0 0 0 0 0 0 0 0 0 0 0 0 0 0 0 0 0 0 0 0 0 0 0 0 0 0 0 0 0 0 0 0 0 0 0 0 0 0 0 0 0 0 0 0 0 0 0 0 0 0 0 0 0 0 0 0 0 0 0 0 0 0 0 0 0 0 0 0 0 0 0 0 0 0 0 0 0 0 0 0
Case #72: 4906
59 59 59 59 59 59 59 59 59 59 59 59 59 59 59 59 59 59 59 59 59 59 59 59 59 59 59 59 59 59 59 59 59 59 59 59 59 59 59 59 59 59 59 59 59 59 59 59 59 59 59 59 59 59 59 59 59 59 59 59 59 59 59 59 59 59 59 59 59 59 59 59 59 59 59 59 59 59 59 59 59 59 59 9
Case #73: 104977
568 568 568 568 568 568 568 568 568 568 568 568 568 568 568 568 568 568 568 568 568 568 568 568 568 568 568 568 568 568 568 568 568 568 568 568 568 568 568 568 568 568 568 568 568 568 568 568 568 568 568 568 568 568 568 568 568 568 568 568 568 568 568 568 568 568 568 568 568 568 568 568 568 568 568 568 568 568 568 568 568 568 567 567 567 567 567 567 567 567 567 567 567 567 567 567 567 567 567 567 567 567 567 567 567 567 567 567 567 567 567 567 567 567 567 567 567 567 567 567 567 567 567 567 567 567 567 567 567 567 567 567 567 567 567 567 567 567 567 567 567 567 567 567 567 567 567 567 567 567 567 567 567 567 567 567 567 567 567 567 567 567 567 567 567 567 567 567 567 567 567 567 567 567 567 567 567 567 567 567 567 567 567 567 567
Case #74: 29850
30 30 30 30 30 30 30 30 30 30 30 30 30 30 30 30 30 30 30 30 30 30 30 30 30 30 30 30 30 30 30 30 30 30 30 30 30 30 30 30 30 30 30 30 30 30 30 30 30 30 30 30 30 30 30 30 30 30 30 30 30 30 30 30 30 30 30 30 30 30 30 30 30 30 30 30 30 30 30 30 30 30 30 30 30 30 30 30 30 30 30 30 30 30 30 30 30 30 30 30 30 30 30 30 30 30 30 30 30 30 30 30 30 30 30 30 30 30 30 30 30 30 30 30 30 30 30 30 30 30 30 30 30 30 30 30 30 30 30 30 30 30 30 30 30 30 30 30 30 30 30 30 30 30 30 30 30 30 30 30 30 30 30 30 30 30 30 30 30 30 30 30 30 30 30 30 30 30 30 30 30 30 30 30 30 30 30 30 30 30 30 30 30 30 30 30 30 30 30 30 30 30 30 30 30 30 30 30 30 30 30 30 30 30 30 30 30 30 30 30 30 30 30 30 30 30 30 30 30 30 30 30 30 30 30 30 30 30 30 30 30 30 30 30 30 30 30 30 30 30 30 30 30 30 30 30 30 30 30 30 30 30 30 30 30 30 30 30 30 30 30 30 30 30 30 30 30 30 30 30 30 30 30 30 30 30 30 30 30 30 30 30 30 30 30 30 30 30 30 30 30 30 30 30 30 30 30 30 30 30 30 30 30 30 30 30 30 30 30 30 30 30 30 30 30 30 30 30 30 30 30 30 30 30 30 30 30 30 30 30 30 30 30 30 30 30 30 30 30 30 30 30 30 30 30 30 30 30 30 30 30 30 30 30 30 30 30 30 30 30 30 30 30 30 30 30 30 30 30 30 30 30 30 30 30 30 30 30 30 30 30 30 30 30 30 30 30 30 30 30 30 30 30 30 30 30 30 30 30 30 30 30 30 30 30 30 30 30 30 30 30 30 30 30 30 30 30 30 30 30 30 30 30 30 30 30 30 30 30 30 30 30 30 30 30 30 30 30 30 30 30 30 30 30 30 30 30 30 30 30 30 30 30 30 30 30 30 30 30 30 30 30 30 30 30 30 30 30 30 30 30 30 30 30 30 30 30 30 30 30 30 30 30 30 30 30 30 30 30 30 30 30 30 30 30 30 30 30 30 30 30 30 30 30 30 30 30 30 30 30 30 30 30 30 30 30 30 30 30 30 30 30 30 30 30 30 30 30 30 30 30 30 30 30 30 30 30 30 30 30 30 30 30 30 30 30 30 30 30 30 30 30 30 30 30 30 30 30 30 30 30 30 30 30 30 30 30 30 30 30 30 30 30 30 30 30 30 30 30 30 30 30 30 30 30 30 30 30 30 30 30 30 30 30 30 30 30 30 30 30 30 30 30 30 30 30 30 30 30 30 30 30 30 30 30 30 30 30 30 30 30 30 30 30 30 30 30 30 30 30 30 30 30 30 30 30 30 30 30 30 30 30 30 30 30 30 30 30 30 30 30 30 30 30 30 30 30 30 30 30 30 30 30 30 30 30 30 30 30 30 30 30 30 30 30 30 30 30 30 30 30 30 30 30 30 30 30 30 30 30 30 30 30 30 30 30 30 30 30 30 30 30 30 30 30 30 30 30 30 30 30 30 30 30 30 30 30 30 30 30 30 30 30 30 30 30 30 30 30 30 30 30 30 30 30 30 30 30 30 30 30 30 30 30 30 30 30 30 30 30 30 30 30 30 30 30 30 30 30 30 30 30 30 30 30 30 30 30 30 30 30 30 30 30 30 30 30 30 30 30 30 30 30 30 30 30 30 30 30 30 30 30 30 30 30 30 30 30 30 30 30 30 30 30 30 30 30 30 30 30 30 30 30 30 30 30 30 30 30 30 30 30 30 30 30 30 30 30 30 30 30 30 30 30 30 30 30 30 30 30 30 30 30 30 30 30 30 30 30 30 30 30 30 30 30 30 30 30 30 30 30 30 30 30 30 30 30 30 30 30 30 30 30 30 30 30 30 30 30 30 30 30 30 30 30 30 30 30 30 30 30 30 30 30 30 30 30 30 30 30 30 30 30 30 30 30 30 30 30 30 30 29 29 29 29 29 29 29 29 29 29 29 29 29 29 29 29 29 29 29 29 29 29 29 29 29 29 29 29 29 29 29 29 29 29 29 29 29 29 29 29 29 29 29 29 29 29 29 29 29 29 29 29 29 29 29 29 29 29 29 29 29 29 29 29 29 29 29 29 29 29 29 23 23 23 23 23 23 23 0
Case #75: 4326084
240338 240338 240338 240338 240338 240338 240338 240338 240338 240338 240338 240338 240338 240338 240338 240338 240338 240338
Case #76: 1934
6 6 6 6 6 6 6 6 6 6 6 6 6 6 6 6 6 6 6 6 6 6 6 6 6 6 6 6 6 6 6 6 6 6 6 6 6 6 6 6 6 6 6 6 6 6 6 6 6 6 6 6 6 6 6 6 6 6 6 6 6 6 6 6 6 6 6 6 6 6 6 6 6 6 6 6 6 6 6 6 6 6 6 6 6 6 6 6 6 6 6 6 6 6 6 6 6 6 6 6 6 6 6 6 6 6 6 6 6 6 6 6 6 6 6 6 6 6 6 6 6 6 6 6 6 6 6 6 6 6 6 6 6 6 6 6 6 6 6 6 6 6 6 6 6 6 6 6 6 6 6 6 6 6 6 6 6 6 6 6 6 6 6 6 6 6 6 6 6 6 6 6 6 6 6 6 6 6 6 6 6 6 6 6 6 6 6 6 6 6 6 6 6 6 6 6 6 6 6 6 6 6 6 6 6 6 6 6 6 6 6 6 6 6 6 6 6 6 6 6 6 6 6 6 6 6 6 6 6 6 6 6 6 6 6 6 6 6 6 6 6 6 6 6 6 6 6 6 6 6 6 6 6 6 6 6 6 6 6 6 6 6 6 6 6 6 6 6 6 6 6 6 6 6 6 6 6 6 6 6 6 6 6 6 6 6 6 6 6 6 6 6 6 6 6 6 6 6 6 6 6 6 6 6 6 6 6 6 6 6 6 5 5 5 5 5 4 4 4 4 4 4 4 4 4 4 3 0 0 0 0 0
Case #77: 59521
408 408 408 408 408 408 408 408 408 408 408 408 408 408 408 408 408 408 408 408 408 408 408 408 408 408 408 408 408 408 408 408 408 408 408 408 408 408 408 408 408 408 408 408 408 408 408 408 408 408 408 408 408 408 408 408 408 408 408 408 408 408 408 408 408 408 408 408 408 408 408 408 408 408 408 408 408 408 408 408 408 408 408 408 408 408 408 408 408 408 408 408 408 408 408 408 408 408 408 407 407 407 407 407 407 407 407 407 407 407 407 407 407 407 407 407 407 407 407 407 407 407 407 407 407 407 407 407 407 407 407 407 407 407 407 407 407 407 407 407 407 407 407 407 407 407
Case #78: 172681
1234 1234 1234 1234 1234 1234 1234 1234 1234 1234 1234 1234 1234 1234 1234 1234 1234 1234 1234 1234 1234 1234 1234 1234 1234 1234 1234 1234 1234 1234 1234 1234 1234 1234 1234 1234 1234 1234 1234 1234 1234 1234 1234 1234 1234 1234 1234 1234 1234 1234 1234 1234 1234 1234 1234 1234 1234 1234 1234 1234 1234 1233 1233 1233 1233 1233 1233 1233 1233 1233 1233 1233 1233 1233 1233 1233 1233 1233 1233 1233 1233 1233 1233 1233 1233 1233 1233 1233 1233 1233 1233 1233 1233 1233 1233 1233 1233 1233 1233 1233 1233 1233 1233 1233 1233 1233 1233 1233 1233 1233 1233 1233 1233 1233 1233 1233 1233 1233 1233 1233 1233 1233 1233 1233 1233 1233 1233 1233 1233 1233 1233 1233 1233 1233 1233 1233 1233 1233 1233 1233
Case #79: 4940345
205848 205848 205848 205848 205848 205848 205848 205848 205848 205848 205848 205848 205848 205848 205847 205847 205847 205847 205847 205847 205847 205847 205847 205847 3
Case #80: 265562
676 676 676 676 676 676 676 676 676 676 676 676 676 676 676 676 676 676 676 676 676 676 676 676 676 676 676 676 676 676 676 676 676 676 676 676 676 676 676 676 676 676 676 676 676 676 676 676 676 676 676 676 676 676 676 676 676 676 676 676 676 676 676 676 676 676 676 676 676 676 676 676 676 676 676 676 676 676 676 676 676 676 676 676 676 676 676 676 676 676 676 676 676 676 676 676 676 676 676 676 676 676 676 676 676 676 676 676 676 676 676 676 676 676 676 676 676 676 676 676 676 676 676 676 676 676 676 676 676 676 676 676 676 676 676 676 676 676 676 676 676 676 676 676 676 676 676 676 676 676 676 676 676 676 676 676 676 676 676 676 676 676 676 676 676 676 676 676 676 676 676 676 676 676 676 676 676 676 676 676 676 676 676 676 676 676 676 676 676 676 676 676 676 676 676 676 676 676 676 676 676 676 676 676 676 676 676 676 676 676 676 676 676 676 676 676 676 676 676 676 676 676 676 676 676 676 676 676 676 676 676 676 676 676 676 676 676 676 676 676 676 676 676 676 676 676 676 676 676 676 676 676 676 676 676 676 676 676 676 676 676 676 676 676 676 676 676 676 676 676 676 676 676 676 676 676 676 676 676 676 676 676 676 676 676 676 676 676 676 676 676 676 676 676 676 676 676 676 676 676 676 676 676 676 676 676 676 676 676 676 676 676 676 676 676 676 676 676 676 676 676 676 676 676 676 676 676 676 676 676 676 676 676 676 676 676 676 676 676 676 676 676 676 676 676 676 676 676 676 676 676 676 676 676 676 676 676 676 676 676 676 676 676 676 676 676 676 676 676 676 676 676 676 676 676 676 676 676 676 676 676 676 676 676 676 676 676 676 676 676 676 676 570
Case #81: 2
2 0 0 0 0 0 0 0 0 0 0 0 0 0 0 0 0 0 0 0 0 0 0 0 0 0 0 0 0 0 0 0 0 0 0 0 0 0 0 0 0 0 0 0 0 0 0 0 0 0 0 0 0 0 0 0 0 0 0 0 0 0 0 0 0 0 0 0 0 0 0 0 0 0 0 0 0 0 0 0 0 0 0 0 0 0 0 0 0 0 0 0 0 0 0 0 0 0 0 0 0 0 0 0 0 0 0 0 0 0 0 0 0 0 0 0 0 0 0 0 0 0 0 0 0 0 0 0 0 0 0 0 0 0 0 0 0 0 0 0 0 0 0 0 0 0 0 0 0 0 0 0 0 0 0 0 0 0 0 0 0 0 0 0 0 0 0 0 0 0 0 0 0 0 0 0 0 0
Case #82: 27240
1816 1816 1816 1816 1816 1816 1816 1816 1816 1816 1816 1816 1816 1816 1816 0 0 0 0 0
Case #83: 6184651
6197 6197 6197 6197 6197 6197 6197 6197 6197 6197 6197 6197 6197 6197 6197 6197 6197 6197 6197 6197 6197 6197 6197 6197 6197 6197 6197 6197 6197 6197 6197 6197 6197 6197 6197 6197 6197 6197 6197 6197 6197 6197 6197 6197 6197 6197 6197 6197 6197 6197 6197 6197 6197 6197 6197 6197 6197 6197 6197 6197 6197 6197 6197 6197 6197 6197 6197 6197 6197 6197 6197 6197 6197 6197 6197 6197 6197 6197 6197 6197 6197 6197 6197 6197 6197 6197 6197 6197 6197 6197 6197 6197 6197 6197 6197 6197 6197 6197 6197 6197 6197 6197 6197 6197 6197 6197 6197 6197 6197 6197 6197 6197 6197 6197 6197 6197 6197 6197 6197 6197 6197 6197 6197 6197 6197 6197 6197 6197 6197 6197 6197 6197 6197 6197 6197 6197 6197 6197 6197 6197 6197 6197 6197 6197 6197 6197 6197 6197 6197 6197 6197 6197 6197 6197 6197 6197 6197 6197 6197 6197 6197 6197 6197 6197 6197 6197 6197 6197 6197 6197 6197 6197 6197 6197 6197 6197 6197 6197 6197 6197 6197 6197 6197 6197 6197 6197 6197 6197 6197 6197 6197 6197 6197 6197 6197 6197 6197 6197 6197 6197 6197 6197 6197 6197 6197 6197 6197 6197 6197 6197 6197 6197 6197 6197 6197 6197 6197 6197 6197 6197 6197 6197 6197 6197 6197 6197 6197 6197 6197 6197 6197 6197 6197 6197 6197 6197 6197 6197 6197 6197 6197 6197 6197 6197 6197 6197 6197 6197 6197 6197 6197 6197 6197 6197 6197 6197 6197 6197 6197 6197 6197 6197 6197 6197 6197 6197 6197 6197 6197 6197 6197 6197 6197 6197 6197 6197 6197 6197 6197 6197 6197 6197 6197 6197 6197 6197 6197 6197 6197 6197 6197 6197 6197 6197 6197 6197 6197 6197 6197 6197 6197 6197 6197 6197 6197 6197 6197 6197 6197 6197 6197 6197 6197 6197 6197 6197 6197 6197 6197 6197 6197 6197 6197 6197 6197 6197 6197 6197 6197 6197 6197 6197 6197 6197 6197 6197 6197 6197 6197 6197 6197 6197 6197 6197 6197 6197 6197 6197 6197 6197 6197 6197 6197 6197 6197 6197 6197 6197 6197 6197 6197 6197 6197 6197 6197 6197 6197 6197 6197 6197 6197 6197 6197 6197 6197 6197 6197 6197 6197 6197 6197 6197 6197 6197 6197 6197 6197 6197 6197 6197 6197 6197 6197 6197 6197 6197 6197 6197 6197 6197 6197 6197 6197 6197 6197 6197 6197 6197 6197 6197 6197 6197 6197 6197 6197 6197 6197 6197 6197 6197 6197 6197 6197 6197 6197 6197 6197 6197 6197 6197 6197 6197 6197 6197 6197 6197 6197 6197 6197 6197 6197 6197 6197 6197 6197 6197 6197 6197 6197 6197 6197 6197 6197 6197 6197 6197 6197 6197 6197 6197 6197 6197 6197 6197 6197 6197 6197 6197 6197 6197 6197 6197 6197 6197 6197 6197 6197 6197 6197 6197 6197 6197 6197 6197 6197 6197 6197 6197 6197 6197 6197 6197 6197 6197 6197 6197 6197 6197 6197 6197 6197 6197 6197 6197 6197 6197 6197 6197 6197 6197 6197 6197 6197 6197 6197 6197 6197 6197 6197 6197 6197 6197 6197 6197 6197 6197 6197 6197 6197 6197 6197 6197 6197 6197 6197 6197 6197 6197 6197 6197 6197 6197 6197 6197 6197 6197 6197 6197 6197 6197 6197 6197 6197 6197 6197 6197 6197 6197 6197 6197 6197 6197 6197 6197 6197 6197 6197 6197 6197 6197 6197 6197 6197 6197 6197 6197 6197 6197 6197 6197 6197 6197 6197 6197 6197 6197 6197 6197 6197 6197 6197 6197 6197 6197 6197 6197 6197 6197 6197 6197 6197 6197 6197 6197 6197 6197 6197 6197 6197 6197 6197 6197 6197 6197 6197 6197 6197 6197 6197 6197 6197 6197 6197 6197 6197 6197 6197 6197 6197 6197 6197 6197 6197 6197 6197 6197 6197 6197 6197 6197 6197 6197 6197 6197 6197 6197 6197 6197 6197 6197 6197 6197 6197 6197 6197 6197 6197 6197 6197 6197 6197 6197 6197 6197 6197 6197 6197 6197 6197 6197 6197 6197 6197 6197 6197 6197 6197 6197 6197 6197 6197 6197 6197 6197 6197 6197 6197 6197 6197 6197 6197 6197 6197 6197 6197 6197 6197 6197 6197 6197 6197 6197 6197 6197 6197 6197 6197 6197 6197 6197 6197 6197 6197 6197 6197 6197 6197 6197 6197 6197 6197 6197 6197 6197 6197 6197 6197 6197 6197 6197 6197 6197 6197 6197 6197 6197 6197 6197 6197 6197 6197 6197 6197 6197 6197 6197 6197 6197 6197 6197 6197 6197 6197 6197 6197 6197 6197 6197 6197 6197 6197 6197 6197 6197 6197 6197 6197 6197 6197 6197 6197 6197 6197 6197 6197 6197 6197 6197 6197 6197 6197 6197 6197 6197 6197 6197 6197 6197 6197 6197 6197 6197 6197 6197 6197 6197 6197 6197 6197 6197 6197 6197 6197 6197 6197 6197 6197 6197 6197 6197 6197 6197 6197 6197 6197 6197 6197 6197 6197 6197 6197 6197 6197 6197 6197 6197 6197 6197 6197 6197 6197 6197 6197 6197 6197 6197 6197 6197 6197 6197 6197 6197 6197 6197 6197 6197 6197 6197 6197 6197 6197 6197 6197 6197 6197 6197 6197 6197 6197 6197 6197 6197 6197 6197 6197 6197 6197 6197 6197 6197 6197 6197 6197 6197 6197 6197 6197 6197 6197 6197 6197 6197 6197 6197 6197 6197 6197 6197 6197 6197 6197 6197 6197 6197 6197 6197 6197 6197 6197 6197 6197 6197 6197 6197 6197 6197 6197 6197 6197 6197 6197 6197 6197 6197 6197 6197 6197 6197 6197 6197 6197 6197 6197 6197 6197 6197 6197 6197 6197 6197 6197 6197 6197 6197 6197 6197 6197 6197 6197 6197 6197 6197 6197 6197 6197 6197 6197 6197 6197 6197 6197 6197 6197 6197 6197 6197 6197 6197 6197 6197 6197 6197 6197 6197 6197 6197 6197 6197 6197 6197 6197 6197 6197 6197 6197 6197 6197 6197 6197 6197 6197 6197 6197 6197 6197 6197 6197 6197 6197 6197 6197 6197 6197 6197 6197 6197 6197 6197 45 0
Case #84: 8
1 1 1 1 1 1 1 1 0 0 0 0
Case #85: 804609
1694 1694 1694 1694 1694 1694 1694 1694 1694 1694 1694 1694 1694 1694 1694 1694 1694 1694 1694 1694 1694 1694 1694 1694 1694 1694 1694 1694 1694 1694 1694 1694 1694 1694 1694 1694 1694 1694 1694 1694 1694 1694 1694 1694 1694 1694 1694 1694 1694 1694 1694 1694 1694 1694 1694 1694 1694 1694 1694 1694 1694 1694 1694 1694 1694 1694 1694 1694 1694 1694 1694 1694 1694 1694 1694 1694 1694 1694 1694 1694 1694 1694 1694 1694 1694 1694 1694 1694 1694 1694 1694 1694 1694 1694 1694 1694 1694 1694 1694 1694 1694 1694 1694 1694 1694 1694 1694 1694 1694 1694 1694 1694 1694 1694 1694 1694 1694 1694 1694 1694 1694 1694 1694 1694 1694 1694 1694 1694 1694 1694 1694 1694 1694 1694 1694 1694 1694 1694 1694 1694 1694 1694 1694 1694 1694 1694 1694 1694 1694 1694 1694 1694 1694 1694 1694 1694 1694 1694 1694 1694 1694 1694 1694 1694 1694 1694 1694 1694 1694 1694 1694 1694 1694 1694 1694 1694 1694 1694 1694 1694 1694 1694 1694 1694 1694 1694 1694 1694 1694 1694 1694 1694 1694 1694 1694 1694 1694 1694 1694 1694 1694 1694 1694 1694 1694 1694 1694 1694 1694 1694 1694 1694 1694 1694 1694 1694 1694 1694 1694 1694 1694 1694 1694 1694 1694 1694 1694 1694 1694 1694 1694 1694 1694 1694 1694 1694 1694 1694 1694 1694 1694 1694 1694 1694 1694 1694 1694 1694 1694 1694 1694 1694 1694 1694 1694 1694 1694 1694 1694 1694 1694 1694 1694 1694 1694 1694 1694 1694 1694 1694 1694 1694 1694 1694 1694 1694 1694 1694 1694 1694 1694 1694 1694 1694 1694 1694 1694 1694 1694 1694 1694 1694 1694 1694 1694 1694 1694 1694 1694 1694 1694 1694 1694 1694 1694 1694 1694 1694 1694 1694 1694 1694 1694 1694 1694 1694 1694 1694 1694 1694 1694 1694 1694 1694 1694 1694 1694 1694 1694 1694 1694 1694 1694 1694 1694 1694 1694 1694 1694 1694 1694 1694 1694 1694 1694 1694 1694 1694 1694 1694 1694 1694 1694 1694 1694 1694 1694 1694 1694 1694 1694 1694 1694 1694 1694 1694 1694 1694 1694 1694 1694 1694 1694 1694 1694 1694 1694 1694 1694 1694 1694 1694 1694 1694 1694 1694 1694 1694 1694 1694 1694 1694 1694 1694 1694 1694 1694 1694 1694 1694 1694 1694 1694 1694 1694 1694 1694 1694 1694 1694 1694 1694 1694 1694 1694 1694 1694 1694 1694 1694 1694 1694 1694 1694 1694 1694 1694 1694 1694 1694 1694 1694 1694 1694 1694 1694 1694 1694 1694 1694 1694 1694 1694 1694 1694 1694 1694 1694 1694 1694 1694 1694 1694 1694 1694 1694 1693 1693 1693 1692 1692 1692 1692 1692 1692 1692 1692 1692 1692 1691 1691 1691 1691 1691 1691
Case #86: 7
1 1 1 1 1 1 1 0 0 0
Case #87: 813581
5611 5611 5611 5611 5611 5611 5611 5611 5611 5611 5611 5611 5611 5611 5611 5611 5611 5611 5611 5611 5611 5611 5611 5611 5611 5611 5611 5611 5611 5611 5611 5611 5611 5611 5611 5611 5611 5611 5611 5611 5611 5611 5611 5611 5611 5611 5611 5611 5611 5611 5611 5611 5611 5611 5611 5611 5611 5611 5611 5611 5611 5611 5611 5611 5611 5611 5611 5611 5611 5611 5611 5611 5611 5611 5611 5611 5611 5611 5611 5611 5611 5611 5611 5611 5611 5611 5611 5611 5611 5611 5611 5611 5611 5611 5611 5611 5611 5611 5611 5611 5611 5611 5611 5611 5611 5611 5611 5611 5611 5611 5611 5611 5611 5611 5611 5611 5611 5611 5611 5611 5611 5611 5611 5611 5611 5611 5611 5611 5611 5611 5611 5611 5610 5610 5610 5610 5610 5610 5610 5610 5610 5610 5610 5610 5609
Case #88: 8676
77 77 77 77 77 77 77 77 77 77 77 77 77 77 77 77 77 77 77 77 77 77 77 77 77 77 77 77 77 77 77 77 77 77 77 77 77 77 77 77 77 77 77 77 77 77 77 77 77 77 77 77 77 77 77 77 77 77 77 77 77 77 77 77 77 77 77 77 77 77 77 77 77 77 77 77 77 77 77 77 77 77 77 77 77 77 77 77 77 77 77 77 77 77 77 77 77 77 77 77 77 77 77 77 77 77 77 77 77 77 77 77 26 26
Case #89: 668002329
668671 668671 668671 668671 668671 668671 668671 668671 668671 668671 668671 668671 668671 668671 668671 668671 668671 668671 668671 668671 668671 668671 668671 668671 668671 668671 668671 668671 668671 668671 668671 668671 668671 668671 668671 668671 668671 668671 668671 668671 668671 668671 668671 668671 668671 668671 668671 668671 668671 668671 668671 668671 668671 668671 668671 668671 668671 668671 668671 668671 668671 668671 668671 668671 668671 668671 668671 668671 668671 668671 668671 668671 668671 668671 668671 668671 668671 668671 668671 668671 668671 668671 668671 668671 668671 668671 668671 668671 668671 668671 668671 668671 668671 668671 668671 668671 668671 668671 668671 668671 668671 668671 668671 668671 668671 668671 668671 668671 668671 668671 668671 668671 668671 668671 668671 668671 668671 668671 668671 668671 668671 668671 668671 668671 668671 668671 668671 668671 668671 668671 668671 668671 668671 668671 668671 668671 668671 668671 668671 668671 668671 668671 668671 668671 668671 668671 668671 668671 668671 668671 668671 668671 668671 668671 668671 668671 668671 668671 668671 668671 668671 668671 668671 668671 668671 668671 668671 668671 668671 668671 668671 668671 668671 668671 668671 668671 668671 668671 668671 668671 668671 668671 668671 668671 668671 668671 668671 668671 668671 668671 668671 668671 668671 668671 668671 668671 668671 668671 668671 668671 668671 668671 668671 668671 668671 668671 668671 668671 668671 668671 668671 668671 668671 668671 668671 668671 668671 668671 668671 668671 668671 668671 668671 668671 668671 668671 668671 668671 668671 668671 668671 668671 668671 668671 668671 668671 668671 668671 668671 668671 668671 668671 668671 668671 668671 668671 668671 668671 668671 668671 668671 668671 668671 668671 668671 668671 668671 668671 668671 668671 668671 668671 668671 668671 668671 668671 668671 668671 668671 668671 668671 668671 668671 668671 668671 668671 668671 668671 668671 668671 668671 668671 668671 668671 668671 668671 668671 668671 668671 668671 668671 668671 668671 668671 668671 668671 668671 668671 668671 668671 668671 668671 668671 668671 668671 668671 668671 668671 668671 668671 668671 668671 668671 668671 668671 668671 668671 668671 668671 668671 668671 668671 668671 668671 668671 668671 668671 668671 668671 668671 668671 668671 668671 668671 668671 668671 668671 668671 668671 668671 668671 668671 668671 668671 668671 668671 668671 668671 668671 668671 668671 668671 668671 668671 668671 668671 668671 668671 668671 668671 668671 668671 668671 668671 668671 668671 668671 668671 668671 668671 668671 668671 668671 668671 668671 668671 668671 668671 668671 668671 668671 668671 668671 668671 668671 668671 668671 668671 668671 668671 668671 668671 668671 668671 668671 668671 668671 668671 668671 668671 668671 668671 668671 668671 668671 668671 668671 668671 668671 668671 668671 668671 668671 668671 668671 668671 668671 668671 668671 668671 668671 668671 668671 668671 668671 668671 668671 668671 668671 668671 668671 668671 668671 668671 668671 668671 668671 668671 668671 668671 668671 668671 668671 668671 668671 668671 668671 668671 668671 668671 668671 668671 668671 668671 668671 668671 668671 668671 668671 668671 668671 668671 668671 668671 668671 668671 668671 668671 668671 668671 668671 668671 668671 668671 668671 668671 668671 668671 668671 668671 668671 668671 668671 668671 668671 668671 668671 668671 668671 668671 668671 668671 668671 668671 668671 668671 668671 668671 668671 668671 668671 668671 668671 668671 668671 668671 668671 668671 668671 668671 668671 668671 668671 668671 668671 668671 668671 668671 668671 668671 668671 668671 668671 668671 668671 668671 668671 668671 668671 668671 668671 668671 668671 668671 668671 668671 668671 668671 668671 668671 668671 668671 668671 668671 668671 668671 668671 668671 668671 668671 668671 668671 668671 668671 668671 668671 668671 668671 668671 668671 668671 668671 668671 668671 668671 668671 668671 668671 668671 668671 668671 668671 668671 668671 668671 668671 668671 668671 668671 668671 668671 668671 668671 668671 668671 668671 668671 668671 668671 668671 668671 668671 668671 668671 668671 668671 668671 668671 668671 668671 668671 668671 668671 668671 668671 668671 668671 668671 668671 668671 668671 668671 668671 668671 668671 668671 668671 668671 668671 668671 668671 668671 668671 668671 668671 668671 668671 668671 668671 668671 668671 668671 668671 668671 668671 668671 668671 668671 668671 668671 668671 668671 668671 668671 668671 668671 668671 668671 668671 668671 668671 668671 668671 668671 668671 668671 668671 668671 668671 668671 668671 668671 668671 668671 668671 668671 668671 668671 668671 668671 668671 668671 668671 668671 668671 668671 668671 668671 668671 668671 668671 668671 668671 668671 668671 668671 668671 668671 668671 668671 668671 668671 668671 668671 668671 668671 668671 668671 668671 668671 668671 668671 668671 668671 668671 668671 668671 668671 668671 668671 668671 668671 668671 668671 668671 668671 668671 668671 668671 668671 668671 668671 668671 668671 668671 668671 668671 668671 668671 668671 668671 668671 668671 668671 668671 668671 668671 668671 668671 668671 668671 668671 668671 668671 668671 668671 668671 668671 668671 668671 668671 668671 668671 668671 668671 668671 668671 668671 668671 668671 668671 668671 668671 668671 668671 668671 668671 668671 668671 668671 668671 668671 668671 668671 668671 668671 668671 668671 668671 668671 668671 668671 668671 668671 668671 668671 668671 668671 668671 668671 668671 668671 668671 668671 668671 668671 668671 668671 668671 668671 668671 668671 668671 668671 668671 668671 668671 668671 668671 668671 668671 668671 668671 668671 668671 668671 668671 668671 668671 668671 668671 668671 668671 668671 668671 668671 668671 668671 668671 668671 668671 668671 668671 668671 668671 668671 668671 668671 668671 668671 668671 668671 668671 668671 668671 668671 668671 668671 668671 668671 668671 668671 668671 668671 668671 668671 668671 668671 668671 668671 668671 668671 668671 668671 668671 668671 668671 668671 668671 668671 668671 668671 668671 668671 668671 668671 668671 668671 668671 668671 668671 668671 668671 668671 668671 668671 668671 668671 668671 668671 668671 668671 668671 668671 668671 668671 668671 668671 668671 668671 668671 668671 668671 668671 668671 668671 668671 668671 668671 668671 668671 668671 668671 668671 668671 668671 668671 668671 668671 668671 668671 668671 668671 668671 668671 668671 668671 668671 668671 668671 668671 668671 668671 668671 668671 668671 668671 668671 668671 668671 668671 668671 668671 668671 668671 668671 668671 668671 668671 668671 668671 668671 668671 668671 668671 668671 668671 668671 668671 668671 668671 668671 668671 668671 668671 668671 668671 668671 668671 668671 668671 668671 668671 668671 668671 668671 668671 668671 668671 668671 668671 668671 668671 668671 668671 668671 668671 668671 668671 668671 668671 668671 668671 668671 668671 668671 668671 668671 668671 0
Case #90: 5462809
21593 21593 21593 21593 21593 21593 21593 21593 21593 21593 21593 21593 21593 21593 21593 21593 21593 21593 21593 21593 21593 21593 21593 21593 21593 21593 21593 21593 21593 21593 21593 21593 21593 21592 21592 21592 21592 21592 21592 21592 21592 21592 21592 21592 21592 21592 21592 21592 21592 21592 21592 21592 21592 21592 21592 21592 21592 21592 21592 21592 21592 21592 21592 21592 21592 21592 21592 21592 21592 21592 21592 21592 21592 21592 21592 21592 21592 21592 21592 21592 21592 21592 21592 21592 21592 21592 21592 21592 21592 21592 21592 21592 21592 21592 21592 21592 21592 21592 21592 21592 21592 21592 21592 21592 21592 21592 21592 21592 21592 21592 21592 21592 21592 21592 21592 21592 21592 21592 21592 21592 21592 21592 21592 21592 21592 21592 21592 21592 21592 21592 21592 21592 21592 21592 21592 21592 21592 21592 21592 21592 21592 21592 21592 21592 21592 21592 21592 21592 21592 21592 21592 21592 21592 21592 21592 21592 21592 21592 21592 21592 21592 21592 21592 21592 21592 21592 21592 21592 21592 21592 21592 21592 21592 21592 21592 21592 21592 21592 21592 21592 21592 21592 21592 21592 21592 21592 21592 21592 21592 21592 21592 21592 21592 21592 21592 21592 21592 21592 21592 21592 21592 21592 21592 21592 21592 21592 21592 21592 21592 21592 21592 21592 21592 21592 21592 21592 21592 21592 21592 21592 21592 21592 21592 21592 21592 21592 21592 21592 21592 21592 21592 21592 21592 21592 21592 21592 21592 21592 21592 21592 21592 21592 21592 21592 21592 21592 21592 21592 21592 21592 21592 21592 21592
Case #91: 16
1 1 1 1 1 1 1 1 1 1 1 1 1 1 1 1 0 0 0 0 0 0 0 0 0 0 0 0 0 0 0 0 0 0 0 0 0 0 0 0 0 0 0 0 0 0 0 0 0 0 0 0 0 0 0 0 0 0 0 0 0 0 0 0 0 0 0 0 0 0 0 0 0 0 0 0 0 0 0 0 0 0 0 0 0 0 0 0 0 0 0 0 0 0 0 0 0 0 0 0 0 0 0 0 0 0 0 0 0 0 0 0 0 0 0 0 0 0 0 0 0 0 0 0 0 0 0 0 0 0 0 0 0 0 0 0 0 0 0 0 0 0 0 0 0 0 0 0 0 0 0 0 0 0 0 0 0 0 0 0 0 0 0 0
Case #92: 977265346
17768461 17768461 17768461 17768461 17768461 17768461 17768461 17768461 17768461 17768461 17768461 17768461 17768461 17768461 17768461 17768461 17768461 17768461 17768461 17768461 17768461 17768461 17768461 17768461 17768461 17768461 17768461 17768461 17768461 17768461 17768461 17768461 17768461 17768461 17768461 17768461 17768461 17768461 17768461 17768461 17768461 17768461 17768461 17768461 17768461 17768461 17768460 17768460 17768460 17768460 17768460 17768460 17768460 17768460 17768460
Case #93: 6137
36 36 36 36 36 36 36 36 36 36 36 36 36 36 36 36 36 36 36 36 36 36 36 36 36 36 36 36 36 36 36 36 36 36 36 36 36 36 36 36 36 36 36 36 36 36 36 36 36 36 36 36 36 36 36 36 36 36 36 36 36 36 36 36 36 36 36 36 36 36 36 36 36 36 36 36 36 36 36 36 36 36 36 36 36 36 36 36 36 36 36 36 36 36 36 36 36 36 36 36 36 36 36 36 36 36 36 36 36 36 36 36 36 36 36 36 36 35 35 35 35 35 35 35 35 35 35 35 35 35 35 35 35 35 35 35 35 35 35 35 35 35 35 35 35 35 35 35 35 35 35 35 35 35 35 35 35 35 35 35 35 35 35 35 35 35 35 35 35 35 35 35
Case #94: 1541167
1797 1797 1797 1797 1797 1797 1797 1797 1797 1797 1797 1797 1797 1797 1797 1797 1797 1797 1797 1797 1797 1797 1797 1797 1797 1797 1797 1797 1797 1797 1797 1797 1797 1797 1797 1797 1797 1797 1797 1797 1797 1797 1797 1797 1797 1797 1797 1797 1797 1797 1797 1797 1797 1797 1797 1797 1797 1797 1797 1797 1797 1797 1797 1797 1797 1797 1797 1797 1797 1797 1797 1797 1797 1797 1797 1797 1797 1797 1797 1797 1797 1797 1797 1797 1797 1797 1797 1797 1797 1797 1797 1797 1797 1797 1797 1797 1797 1797 1797 1797 1797 1797 1797 1797 1797 1797 1797 1797 1797 1797 1797 1797 1797 1797 1797 1797 1797 1797 1797 1797 1797 1797 1797 1797 1797 1797 1797 1797 1797 1797 1797 1797 1797 1797 1797 1797 1797 1797 1797 1797 1797 1797 1797 1797 1797 1797 1797 1797 1797 1797 1797 1797 1797 1797 1797 1797 1797 1797 1797 1797 1797 1797 1797 1797 1797 1797 1797 1797 1797 1797 1797 1797 1797 1797 1797 1797 1797 1797 1797 1797 1797 1797 1797 1797 1797 1797 1797 1797 1797 1797 1797 1797 1797 1797 1797 1797 1797 1797 1797 1796 1796 1796 1796 1796 1796 1796 1796 1796 1796 1796 1796 1796 1796 1796 1796 1796 1796 1796 1796 1796 1796 1796 1796 1796 1796 1796 1796 1796 1796 1796 1796 1796 1796 1796 1796 1796 1796 1796 1796 1796 1796 1796 1796 1796 1796 1796 1796 1796 1796 1796 1796 1796 1796 1796 1796 1796 1796 1796 1796 1796 1796 1796 1796 1796 1796 1796 1796 1796 1796 1796 1796 1796 1796 1796 1796 1796 1796 1796 1796 1796 1796 1796 1796 1796 1796 1796 1796 1796 1796 1796 1796 1796 1796 1796 1796 1796 1796 1796 1796 1796 1796 1796 1796 1796 1796 1796 1796 1796 1796 1796 1796 1796 1796 1796 1796 1796 1796 1796 1796 1796 1796 1796 1796 1796 1796 1796 1796 1796 1796 1796 1796 1796 1796 1796 1796 1796 1796 1796 1796 1796 1796 1796 1796 1796 1796 1796 1796 1796 1796 1796 1796 1796 1796 1796 1796 1796 1796 1796 1796 1796 1796 1796 1796 1796 1796 1796 1796 1796 1796 1796 1796 1796 1796 1796 1796 1796 1796 1796 1796 1796 1796 1796 1796 1796 1796 1796 1796 1796 1796 1796 1796 1796 1796 1796 1796 1796 1796 1796 1796 1796 1796 1796 1796 1796 1796 1796 1796 1796 1796 1796 1796 1796 1796 1796 1796 1796 1796 1796 1796 1796 1796 1796 1796 1796 1796 1796 1796 1796 1796 1796 1796 1796 1796 1796 1796 1796 1796 1796 1796 1796 1796 1796 1796 1796 1796 1796 1796 1796 1796 1796 1796 1796 1796 1796 1796 1796 1796 1796 1796 1796 1796 1796 1796 1796 1796 1796 1796 1796 1796 1796 1796 1796 1796 1796 1796 1796 1796 1796 1796 1796 1796 1796 1796 1796 1796 1796 1796 1796 1796 1796 1796 1796 1796 1796 1796 1796 1796 1796 1796 1796 1796 1796 1796 1796 1796 1796 1796 1796 1796 1796 1796 1796 1796 1796 1796 1796 1796 1796 1796 1796 1796 1796 1796 1796 1796 1796 1796 1796 1796 1796 1796 1796 1796 1796 1796 1796 1796 1796 1796 1796 1796 1796 1796 1796 1796 1796 1796 1796 1796 1796 1796 1796 1796 1796 1796 1796 1796 1796 1796 1796 1796 1796 1796 1796 1796 1796 1796 1796 1796 1796 1796 1796 1796 1796 1796 1796 1796 1796 1796 1796 1796 1796 1796 1796 1796 1796 1796 1796 1796 1796 1796 1796 1796 1796 1796 1796 1796 1796 1796 1796 1796 1796 1796 1796 1796 1796 1796 1796 1796 1796 1796 1796 1796 1796 1796 1796 1796 1796 1796 1796 1796 1796 1796 1796 1796 1796 1796 1796 1796 1796 1796 1796 1796 1796 1796 1796 1796 1796 1796 1796 1796 1796 1796 1796 1796 1796 1796 1796 1796 1796 1796 1796 1796 1796 1796 1796 1796 1796 1796 1796 1796 1796 1796 1796 1796 1796 1796 1796 1796 1796 1796 1796 1796 1796 1796 1796 1796 1796 1796 1796 1796 1796 1796 1796 1796 1796 1796 1796 1796 1796 1796 1796 1796 1796 1796 1796 1796 1796 1796 1796 1796 1796 1796 1796 1796 1796 1796 1796 1796 1796 1796 1796 1796 1796 1796 1796 1796 1796 1796 1796 1796 1796 1796 1796 1796 1796 1796 1796 1796 1796 1796 1796 1796 1796 1796 1796 1796 1796 1796 1796 1796 1796 1796 1796 1796 1796 1796 1796 1796 1796 1796 1796 1796 1796 1796 1796 1796 1796 1796 1796 1796 1796 1796 1796 1796 1796 1796 1796 1796 1796 1796 1796 1796 1796 1796 1796 1796 1796 1796 1796 1796 1796 1796 1796 1796 1796 1796 1796 1796 1796 1796 1796 1796 1796 1796 1796 1796 1796 1796 1796 1796 1796 1796 1796 1796 1796 1796 1796 1796 1796 1796 1796 1796 1796 1796 1796 1796 1796 1796 1796 1796 1796 1796 1796 1796 1796 1796 1796 1796 1796 1796 1796 1796 1796 1796 1796 1796 1796 1796 1796 1796 1796 1796 1796 1796 1796 1796 1796 1796 1796 1796 1796 1796 1796 1796 1796 1796 1796
Case #95: 4
2 2 0
Case #96: 235249815
9409992 9409992 9409992 9409992 9409992 9409992 9409992 9409992 9409992 9409992 9409992 9409992 9409992 9409992 9409992 9409992 9409992 9409992 9409992 9409992 9409992 9409992 9409992 9409992 9409992 15
Case #97: 12332
294 294 294 294 294 294 294 294 294 294 294 294 294 294 294 294 294 294 294 294 294 294 294 294 294 294 293 293 293 293 293 293 293 293 293 293 293 293 293 293 293 293
Case #98: 30612
86 86 86 86 86 86 86 86 86 86 86 86 86 86 86 86 86 86 86 86 86 86 86 86 86 86 86 86 86 86 86 86 86 86 86 86 86 86 86 86 86 86 86 86 86 86 86 86 86 86 86 86 86 86 86 86 86 86 86 86 86 86 86 86 86 86 86 86 86 86 86 86 86 86 86 86 86 86 86 86 86 86 86 86 86 86 86 86 86 86 86 86 86 86 86 86 86 86 86 86 86 86 86 86 86 86 86 86 86 86 86 86 86 86 86 86 86 86 86 86 86 86 86 86 86 86 86 86 86 86 86 86 86 86 86 86 86 86 86 86 86 86 86 86 86 86 86 86 86 86 86 86 86 86 86 86 86 86 86 86 86 86 86 86 86 86 86 86 86 86 86 86 86 86 86 86 86 86 86 86 86 86 86 86 86 86 86 86 86 86 86 86 86 86 86 86 86 86 86 86 86 86 86 86 86 86 86 86 86 86 86 86 86 86 86 86 86 86 86 86 86 86 86 86 86 86 86 86 86 86 86 86 86 86 86 86 86 86 86 86 86 86 86 86 86 86 86 86 86 86 86 86 86 86 86 86 86 86 86 86 86 86 86 86 86 86 86 86 86 86 86 86 86 86 86 86 86 86 86 86 86 86 86 86 86 86 86 86 86 86 86 86 86 86 86 86 86 86 86 86 86 86 86 86 86 86 86 86 86 86 86 86 86 86 86 86 86 86 86 86 86 86 86 86 86 86 86 86 86 86 86 86 86 86 86 86 86 86 86 86 86 86 86 86 86 86 86 86 86 86 86 86 85 85 85 85 0 0 0
Case #99: 29551
896 896 896 896 896 896 896 896 896 896 896 896 896 896 896 896 895 895 895 895 895 895 895 895 895 895 895 895 895 895 895 895 895 0 0 0
Case #100: 61974
730 730 730 730 730 730 730 730 730 729 729 729 729 729 729 729 729 729 729 729 729 729 729 729 729 729 729 729 729 729 729 729 729 729 729 729 729 729 729 729 729 729 729 729 729 729 729 729 729 729 729 729 729 729 729 729 729 729 729 729 729 729 729 729 729 729 729 729 729 729 729 729 729 729 729 729 729 729 729 729 729 729 729 729 729
